1.025338966350036074e+01,1.155128894577179466e+01,1.543009527997152475e+01,6.337196015735777621e+00,8.224008248658634557e+00,4.495418934320873916e+00,9.152112792333149116e-01,1.157528370013497465e+01,5.301680089868852974e+00,-1.128489694424598611e+01,9.677621924282394872e+00,7.541876805818240825e+00,6.561593830914222991e+00,9.438289274059670220e+00,2.124246574441997382e+01,1.291639359018782329e+01,-3.435063217339290986e+00,5.730232308490830206e+00,3.710216410844509483e+00,9.404427013744513175e+00,-8.472240927407028721e-01,1.234690154222810676e+01,-7.944389808667096986e+00,1.256814149392407387e+01,3.163364921738580193e+01,3.171733127707315703e+01,8.317251893980106559e+00,-2.259119745962060222e+00,1.168245070061925617e+01,6.069468451909930451e+00,6.975701978802295145e+00,1.976263588486146716e+01,-3.681860732999565755e+01,4.500086462442332902e+00,2.512681832116321345e+00,-3.762837440133864675e+00,1.767030808417677434e+01,1.545011688376874659e+01,-1.274778315105763227e+00,6.237248322451435456e+00,3.028068867457273683e+01,-2.538332886300844393e+01,1.133967839415026901e+01,8.626331141929316715e+00,1.041305736169545071e+01,6.057992606230087063e-01,4.168549632044218356e+00,-5.435969848253058956e+00,1.578550797114792914e+01,1.217559771415087155e+01
7.523245866829518791e-01,1.175765550565400774e-01,3.097972214172567407e-02,3.777941193610159093e-02,-1.707473173676761491e-02,-1.051909583627814483e-02,-3.812335410324237811e-02,9.541590775592015405e-02,3.649672499503907319e-02,4.401838649300961887e-02,-9.326079774799017619e-03,2.874808773558079622e-02,6.882535843639872586e-02,-3.922902123335277047e-02,-1.773635914846771744e-02,-1.006539202338316147e-01,-6.792841929177322047e-02,7.883091638034211979e-02,-3.479065220173330891e-02,-1.034003814673077788e-02,5.400497563263076395e-02,-1.748346423090419155e-01,3.906637520298766875e-02,1.242559271760814441e-03,-3.238541768659005532e-02,1.407387920815903956e-02,-1.869056225826276640e-04,7.329677177980083169e-02,3.321551320070621760e-02,-1.099311518869744986e-01,-1.143854423411713589e-01,9.258483699610225298e-03,1.109615792053692124e-01,2.121858772498625909e-02,6.547323654442525204e-03,6.906992054332981509e-03,1.102067928849871647e-01,4.006186285545790954e-02,2.804546568259020170e-02,-9.113122584435404128e-02,8.817338349150498356e-02,4.667327561970325417e-02,-3.087055161049503949e-02,-3.856792336866537996e-02,-2.094287151869360375e-01,8.049226238159788716e-02,6.803517400897435286e-02,6.595548461890077090e-03,2.953933446939161628e-02,4.777158743180514450e-02
1.734133845612785205e-02,8.023855920609009873e-01,-4.981098549219203225e-02,-3.698077012352215392e-02,-5.686410634678242676e-02,-2.286185346035630311e-02,6.248734312287684833e-02,-9.456316591753900422e-03,-9.662172391688820389e-03,-5.765517331166405968e-02,-5.025098311599723172e-02,-7.875083774352602262e-02,-4.924086874990533935e-02,-1.137262805060641757e-02,7.504374372541368701e-03,-1.964182565128974253e-02,5.199065515467453380e-02,-3.959352328539763287e-03,-2.336246890051966747e-03,8.886316613461772707e-03,-1.354390600571176058e-02,-1.131305734373983483e-02,2.742079913620960874e-02,-2.511722345676046728e-02,6.899359468882763219e-03,4.313078683185449930e-02,-5.686331678208863399e-02,-3.654087940530573175e-02,-3.872509821336555386e-02,2.584548679305806364e-03,-4.291760566857096004e-02,-5.100668020593795982e-02,-6.923665202682573270e-04,-8.781785893179657257e-03,-5.187250200893263330e-02,2.268733119863677872e-02,-8.711243436430797515e-02,1.164924289842099447e-02,-2.124499643462596753e-03,-2.281278555179794970e-02,1.793967380549679400e-02,-9.343196891551520944e-02,-8.868689382807751209e-02,1.334434445740540105e-02,-1.752139081174610563e-02,-1.372581578119805388e-03,-9.614110625932908299e-03,-1.392993417312569752e-02,-5.379231735777042361e-02,-5.967205653010049932e-02
1.626247501944629026e-02,1.930698877440834016e-02,6.608696054652793972e-01,4.140667732112227745e-02,-2.366886997715621568e-02,-1.057706577351383292e-02,-9.754636011586763356e-03,-1.172982927495263075e-02,2.697530297251610545e-03,-2.010423472697220239e-03,-1.416408685316106891e-03,2.936547093837729022e-02,-2.031667695327113790e-02,-4.318991505633287299e-03,4.104053173354597905e-03,7.770088367421236529e-04,2.295890298613808417e-02,1.358027164142375232e-02,5.675706000501650784e-03,-1.623232518440117719e-03,-5.161289609210637777e-04,1.694914990436294233e-02,-3.550932840706047533e-02,-6.258345382849304916e-02,-3.388149694099988618e-02,7.585836586700948556e-03,1.887180767980089970e-04,2.799206213117267500e-02,-3.288465969912415798e-02,3.028789113646783784e-02,1.670469256299973379e-02,2.033042948050303028e-02,-1.775958382014785827e-02,-7.094576497850767563e-03,-3.450504570237544321e-03,2.661139221619182593e-02,1.252365927186274881e-03,-9.917514989325125832e-03,1.024562962342073953e-02,5.847348063359297451e-03,-6.602087697256704690e-02,5.141988370248635684e-03,-3.108833930683342628e-02,5.131247556775554025e-02,3.044001241504339095e-02,1.128462464452852912e-03,3.069499452764408443e-02,1.273663789298054225e-02,2.837692034893490520e-02,-3.610350583019721754e-02
-9.058902771817858510e-03,-7.767720646922077199e-03,-1.634386519223408191e-02,7.816168446031300787e-01,-7.721662506886077526e-02,-1.645267825063601377e-02,2.551189431483228201e-02,-3.963470502613874319e-02,-1.300681815955608694e-02,-4.563490977335568632e-02,-1.048516701509289439e-01,-4.054410218028667301e-02,-3.510303293756864701e-02,-3.577062176601107646e-02,-1.775989341790552151e-02,-1.375668442975150514e-02,-6.765422268538584527e-02,-3.707774889652965672e-02,2.358282367130076079e-02,5.313409489981118020e-03,2.886926800351648833e-03,-8.752129422394772790e-03,7.252550614626793180e-02,-1.830599851324985969e-02,-1.057287781973841462e-01,-3.729337660753682948e-02,-1.622033814076243377e-02,-2.126648367287090405e-02,-1.964304982511709194e-02,-3.725235774909584074e-02,-3.455730603470881512e-02,-1.422302235218554922e-01,6.600583966976361627e-02,-5.430543218163153690e-03,-3.436189473623477847e-02,6.448053176274450016e-02,1.021649140105773540e-01,1.388891850042066160e-02,-2.343582528803568946e-02,6.279739966700949305e-02,-7.034087590799024958e-02,-8.608941077661249122e-03,-7.488507981848463446e-02,-3.581606140081969314e-02,3.738149794465121106e-02,-1.312064959143465978e-02,-5.383708598118344679e-02,-1.594285354318662751e-02,4.027247037686941533e-02,-3.831149158748544531e-03
-1.730263845053001646e-03,7.041333927541015836e-02,1.875253046101766838e-02,-2.727746070498885192e-02,8.796240725067204780e-01,1.175184677525623576e-02,4.303008164312217138e-02,-5.513053494469098009e-02,6.598672142001797691e-02,1.022371846712185652e-02,2.313379553571674133e-03,1.559749682034923708e-02,-3.906514073474794818e-02,1.499618559981491517e-02,5.072809119023100749e-02,1.596678919449801004e-02,1.276355118561709606e-02,1.103822108155418265e-02,6.661496868186407572e-02,-2.246245027467294944e-03,-3.893273984329152955e-03,4.316716939050107595e-03,6.076286278197168267e-02,-7.830339365900518267e-02,-4.860835935706665778e-02,-2.887971823027747978e-02,2.919941860293781902e-02,1.011961122030409672e-02,-1.901991929380246124e-02,1.526704518031490702e-02,-3.811834434390809490e-02,-6.796285440656621435e-02,9.251759056387143243e-02,1.218657992830286287e-02,-2.102631203080199476e-02,-2.233411387215068419e-02,6.368456787814015529e-02,-1.476529016813918349e-02,3.845221885594462402e-02,5.538568485599886480e-03,-1.785675436044078038e-02,1.240398082185183333e-02,-3.869435324978606067e-02,4.466764025366080915e-02,-5.867045576694805697e-02,-8.008154374526125141e-04,-8.170274531305897481e-02,-1.331237384479171289e-02,6.470365704063844869e-02,1.590013716595794699e-02
-1.769498869670633676e-02,-2.042327115174883204e-02,-4.398505876508961021e-02,-3.286635354486205224e-02,-1.578149190353044309e-02,8.072141916737671785e-01,8.659639601502549383e-03,5.575999258221241150e-03,-2.341652881103749046e-03,4.168846971409639890e-02,7.881434708203037542e-02,-1.803130406264160171e-02,9.987209891611767421e-02,-8.929792731113074533e-02,3.851676448763943165e-04,1.530154821203104712e-02,1.593007607653724456e-01,2.433427851407908744e-03,-9.488985842221372979e-02,4.155716453109696736e-03,7.782820037220179732e-02,-3.631628824592278426e-02,4.495029334661633513e-02,-5.806178090455818563e-02,-1.728928962115767326e-02,1.769849274734913019e-02,-4.695955215647473063e-02,-4.139891831491060437e-02,-1.638832535218582298e-01,-9.833933816649459425e-02,3.212649926459770766e-02,3.161043439919986736e-02,-7.631335129275113038e-02,-4.465020972513786268e-02,1.313088040638339671e-01,-4.349944257198758851e-02,-7.900438038631313331e-02,-1.309100263823214511e-02,8.971961772271082325e-02,5.455943072612808031e-02,1.127294583014626789e-01,1.423448993532954454e-01,7.089546861859982729e-02,6.935339967135027706e-02,1.244909312360022030e-01,7.438152516466460702e-03,2.194579357156599964e-01,3.015874361615988875e-02,4.891332088241495679e-02,3.300886473699445826e-03
1.724788437631517499e-02,8.455973723108442530e-02,-1.316571296673366079e-05,-4.122060225922240945e-02,-1.050255036923542634e-02,-1.004199958427325415e-02,7.942788174750493591e-01,-2.911290253339138615e-02,3.198803841620657343e-03,-9.419740236099890737e-03,1.938154578908491549e-02,-4.939270459433555555e-02,3.343869317186112800e-02,1.901608705854737971e-02,-2.194368519328721359e-02,-3.122234690259003548e-02,7.552997561736343735e-02,-2.548437084602131822e-02,6.963878007978172024e-02,1.087513511332219426e-03,6.020796207830591412e-02,6.139908526520518328e-02,-6.921198797840338868e-02,-1.517194105952409944e-01,1.982665422704406669e-02,5.899288935911312093e-02,8.392100334409098930e-03,-1.906074095035349691e-02,6.022565386018515626e-02,2.981630017157152826e-02,6.271476779453521999e-02,-6.227428880858403709e-02,-3.460673836128411174e-02,-1.234166117090618534e-02,3.874771254533672382e-02,-4.398623971699785334e-02,-8.188847089089403355e-03,2.988537279075375794e-02,5.515476231746245517e-02,3.070239494534558918e-03,-2.960951650746595706e-02,-2.798435086482699979e-02,3.935227493507779950e-02,7.176241920880845060e-02,8.021197259959947368e-02,-2.901962710234103071e-02,-1.926365888470473657e-04,1.403936589013579476e-02,2.628695792813996387e-02,3.548136938357686343e-02
-9.325923350430085192e-05,2.486637454134933006e-02,1.539043664300047444e-02,1.897402447499576053e-02,-2.677815509821255754e-02,-4.294731063699461920e-03,2.062910741688746274e-02,7.849005753291629084e-01,-4.951569292526735583e-02,4.148067747143524553e-02,-2.013520540384353130e-02,5.386069190972089110e-02,-2.762803929263163774e-02,2.198555309621778994e-04,3.926031965739117113e-02,-5.624249042199948832e-03,-4.109696618711729948e-02,1.356145228911706350e-02,-1.070540292445236984e-02,2.534133657000161438e-02,-2.848475112475848132e-03,1.478588892755403061e-02,9.594362806365133722e-02,4.338487293122149369e-02,-1.022188691548803945e-03,4.390482466722080146e-02,-1.460967513909377971e-04,1.103299601223931871e-02,-2.849956334198880219e-03,9.885320353313461345e-03,2.726343484076713714e-04,-1.213767775725731017e-02,7.279528000030655033e-02,-1.490833078523799704e-02,-1.892023625293885519e-03,2.785929774100254740e-03,6.084788436289228358e-02,-4.251710843592521050e-02,8.814262817841892958e-03,-1.499538923186602077e-02,-1.676349903564897451e-02,4.916880675678392265e-02,1.880909062697110144e-03,5.740482984271714356e-03,4.104931540315799945e-03,1.478486366621353935e-06,-6.141623162006647381e-04,-2.210967560060542528e-02,-1.912164363777511117e-02,9.420475826498218158e-03
1.509734437216029256e-02,-7.921609476842121633e-02,1.317032005569962125e-02,2.355374298481294204e-02,-4.748110982005495501e-02,-7.672153272554891983e-03,1.978364139399860569e-02,-2.112019841118954744e-02,3.835724796471999820e-01,4.741783851816538942e-02,2.465849814600338738e-02,-1.316972395034120020e-03,-4.911666402253337532e-02,-1.141727199679393699e-02,2.318724755849110516e-02,2.025383029827182088e-02,1.546486438313300106e-02,-2.388167512468441361e-02,-1.300811030621972821e-02,-1.931128902769510894e-02,-1.847889786812436860e-02,-1.872358856421079548e-02,-1.736045071261685217e-03,5.994927002178271347e-02,-4.124269602161912546e-02,1.179480415511000892e-02,1.343070121334367581e-02,-1.597050139731086976e-03,1.859219485654865778e-02,1.032242651287541488e-02,3.746334320693864729e-03,-2.762758699676823998e-02,-1.280373709947242589e-02,-1.240880107223116258e-02,-2.283964050534347413e-03,-4.321969242097765257e-02,-1.561160697840681226e-02,7.191252195982822393e-02,-2.788329382219829986e-03,1.697859935108752757e-02,8.487035768332049090e-02,-4.018167440617099323e-02,-2.095103607299841214e-02,2.571850120775045004e-02,3.377417705869439901e-02,-2.498063360081907887e-03,2.602249304151114939e-02,1.673304094629473812e-02,-2.881705928221385549e-02,-2.587898982523745284e-02
5.007308242144085410e-03,1.533150297016077843e-02,-3.063306993912150514e-03,9.415247541390855610e-03,4.040430750316867034e-03,9.365241017746941347e-04,1.060933063807087233e-02,-1.834249388026592403e-02,5.212082740405923204e-02,8.010911037949444147e-01,-2.485783011571358544e-02,-1.812174345666997879e-02,1.189330004622545997e-02,-1.355041188029000067e-02,6.015558800373274617e-02,-2.245383145429765120e-03,-9.186690773556294501e-03,3.191300197072261674e-02,-1.436266783436590012e-02,5.265789977005564879e-03,-1.135227719627343416e-02,1.040839583702710992e-02,-1.056607869691236073e-02,2.668644826838831308e-02,2.563761933791374251e-02,-2.364802230642766567e-02,-1.100393191445941249e-02,9.541461191581068063e-03,3.247329052236474362e-02,1.819998919752474457e-03,8.245076477391118444e-03,-1.707472761395051677e-02,-1.254428706221774430e-02,-2.044572182819571256e-03,1.415222486620009226e-02,1.754977378993654788e-02,2.354819849364413534e-02,2.661960735190354449e-02,-1.999870924974096742e-02,-7.984867849168695089e-03,-2.813633115149124717e-02,1.514697027031307319e-02,-1.565563865218222092e-02,1.121199681999112546e-02,9.474393820363347790e-03,-4.030377081302134214e-03,1.464152331834396407e-02,-9.972534068401012197e-03,6.086435197373262114e-03,-5.651615113428791123e-03
-1.486884293527374751e-02,-5.469156731296261065e-02,-3.788646177223027600e-02,-5.514007478893683672e-02,9.787515568928061016e-03,-1.766230008975203450e-02,9.065257723495142445e-03,2.477319550630606784e-02,7.293031777977962427e-02,5.003128109986322049e-03,8.018576160110033602e-01,1.858408239165008566e-02,4.893688118784129959e-02,-4.243361012941873622e-02,-1.514235023759160324e-02,1.969094553434202685e-02,1.313710742441528273e-02,1.015563300827736345e-03,-5.243349647920819874e-03,3.563732672374554655e-02,1.579933013958205804e-02,-5.802608773803682313e-02,2.112248918394404179e-02,1.002729046452036921e-01,2.090051253049172997e-02,-3.737083750402286214e-02,1.200128029043937006e-02,-3.032545512513885530e-02,5.043707432003680796e-02,9.631129154399058201e-03,-3.598643193327227124e-02,9.211455961723086922e-03,4.934036924400782981e-02,1.124514927076623655e-03,1.002518005202907882e-02,-1.243592387931957005e-02,-5.728007770051031511e-02,6.247197420865147760e-02,2.344444716342057589e-02,9.385004466221377739e-02,7.992485194789684944e-03,1.919419626549496438e-01,-3.554403478136022171e-02,3.246985883361996894e-02,-2.187910141672849695e-02,-1.230945431450584070e-02,1.019916893232431648e-01,6.730654435590081343e-03,2.566193720948390863e-02,1.414749887319755386e-02
-6.013717107338560804e-03,3.186837488010180880e-02,4.410727127742501696e-02,-1.484955499188523632e-02,1.122366026487756942e-03,-1.013059434154650433e-02,-2.671004649489330460e-02,-9.848034468785775691e-04,-2.552209330827218473e-02,-2.620013241086737929e-02,3.921818132431976328e-02,7.372579175442731669e-01,2.453700738675670956e-02,3.166877640598649707e-02,1.095260899403088101e-01,-1.358612624997312078e-02,-1.125797881202161496e-02,-5.809839213730006585e-03,-3.203600660317055399e-02,-1.532429794738070401e-02,1.403504033998747604e-02,2.873910626706825677e-02,-4.841377652117838902e-03,1.311599378842920327e-02,7.065994296041613887e-03,1.045419620675545544e-02,-3.259481646010362749e-02,-1.167044125570025626e-02,-2.717810419500051207e-04,-1.824218387836494537e-02,3.775859495347713268e-03,-5.250507198544503151e-02,-4.779422530434251221e-02,-3.809909657432099424e-03,-4.633746301204923895e-02,7.213093267865079358e-03,4.544772084898272314e-03,2.185684224034242437e-02,-2.886404710536732716e-03,-9.600962784569512867e-03,2.351879871809527470e-02,-2.071102544299467489e-03,-2.641108138272853581e-02,9.041749430981909849e-03,1.917933946137824128e-02,1.042885042204500998e-02,-7.482408630877014979e-03,-1.474953379136215853e-02,-1.848294126400809242e-02,1.499353800911378811e-03
-3.711148702438236534e-03,4.078137112828281174e-02,-3.130201447691492028e-02,3.564201864812144294e-02,-6.978831221316887656e-02,4.946851404497044739e-03,1.888473651562351920e-03,-6.612392917501283551e-02,-7.884916915138301396e-02,2.655658670828043091e-02,-4.745762918585189061e-02,1.059066846641744525e-01,8.409684560567977085e-01,2.229712746181915228e-02,7.145207982560139448e-02,5.262424225940141170e-02,-1.593154910744166292e-02,5.110221329717617306e-02,8.034312795165227117e-02,-4.459015499522591894e-03,-1.203219271790708506e-02,7.455659266445132348e-03,-1.559038318457247815e-02,-3.510431157097688992e-02,1.271792471941478146e-02,8.508582004509993718e-03,-1.131931054639405583e-02,-1.099202965260743028e-02,-6.423785143816702903e-02,5.762549963546831355e-02,-5.312120640195401589e-02,6.150425179336796444e-02,7.168480221331889612e-02,-1.044432660987637193e-02,2.578712043715076715e-02,2.106845656108361636e-02,8.036415160024587556e-02,1.113599007988718831e-01,8.819708299098522053e-02,7.248780772456653310e-02,2.641708608258346372e-02,-6.346663283053385896e-02,3.239924506734236792e-02,-4.420668745082679402e-02,7.695745474349012516e-02,-4.134059399326745106e-03,2.160721555809666516e-01,7.359619460499812298e-03,8.925128670501472627e-02,-3.446742855023709334e-02
-1.327365592327925739e-02,-4.176962158091342830e-02,4.280147656806493339e-02,3.656465495899595408e-02,7.531900350216721995e-02,-5.680775723070111138e-02,4.110703186907713885e-02,2.385591724719666670e-02,-4.913838825378522013e-02,-7.693256323881332223e-03,1.105206333599743386e-02,7.175676277257513058e-02,1.681908835004462116e-02,6.629271603968784898e-01,3.132270978682133444e-02,-8.050202763346192558e-02,-4.901352233460962854e-02,-7.756316866296565637e-02,-1.222123467570111199e-01,-1.989510713300749259e-02,2.261483754333383847e-02,-3.154026209521382934e-02,-1.068683683426099309e-03,1.267094526274157307e-01,-4.593224697075827534e-03,1.786000653039616221e-02,7.190543277733098433e-03,1.836972762424570176e-03,-3.396902390870273902e-02,6.986465764645985281e-03,2.239727726578901942e-02,5.967085244056289511e-02,4.146613784852243301e-02,-1.699056759873635719e-02,1.126067048917622770e-02,-2.916988649000233462e-03,-3.405728132840282751e-02,5.590927679283157203e-02,-2.682040678737241182e-02,-2.805008919652518182e-02,-2.111633888985617671e-02,7.314457528272938491e-02,1.744580264490246243e-03,-2.131517781199814346e-02,5.439103761243499480e-02,-2.803924869348766325e-03,-8.886852961375842075e-02,-5.396833036341559288e-03,-1.900700833315900834e-03,4.977973395880007715e-03
-2.400140676378668340e-04,-5.378546625933135726e-03,1.048129055197538802e-02,-1.800303325029867577e-02,1.333289970501768708e-02,1.260625816268398126e-02,-1.819993797902746957e-02,-5.084601746222865409e-04,4.033064051751300561e-02,8.144514324892997148e-02,-4.999962691484500024e-03,7.211168703786523249e-02,-2.970459725961430240e-03,2.394716469897848268e-02,8.026309563660786184e-01,2.560847533365433193e-03,7.233692976212339164e-03,-5.386793759493747370e-03,2.920728338457625334e-02,-1.052452355163785696e-03,1.281637015217817685e-02,1.454628789042406237e-02,-1.441899113014927410e-02,-4.037517489536314279e-03,-1.194848462074804378e-02,2.492614802042276544e-03,-1.930702799560494315e-02,-9.451337272071954135e-03,-1.385572072440275498e-02,-1.751815119602775569e-02,1.494482993739440838e-02,3.880563521262698351e-02,4.324142199819865778e-02,-1.366309787293224810e-02,1.300738155936981971e-02,9.440754568802989938e-03,-3.909212213569911165e-02,2.058652031435154184e-02,8.117304821573856355e-03,-3.494978528154447407e-03,-5.711787215912982746e-02,-1.189314962763181154e-02,-1.098458030851466767e-02,-4.357800626041134773e-02,-1.861573793592368733e-03,-4.194529727473608055e-03,2.180699903586768781e-02,1.318308418505032865e-02,1.833698954015999111e-02,-6.358111268426912049e-04
-2.160408969556797815e-02,-2.212708873107636833e-03,3.730503157308454748e-02,5.532795296732362367e-02,-4.206589523424648924e-02,-1.614031710027017882e-02,-4.231304239999064860e-03,2.941605625139326330e-02,-1.235425431838674953e-02,-4.408899277204809952e-02,7.271898233800201672e-02,-2.445334113055539285e-03,-2.050241229958134695e-02,-3.356167601426188890e-02,7.342908531793266962e-03,8.167273358646854886e-01,-4.715643759383648242e-02,3.852873585922773989e-03,1.788191063940884271e-02,-4.003093834346260760e-02,-4.765066300502544816e-02,1.546932895346594429e-02,5.807666479727091602e-02,3.167313888064725302e-02,-3.257803555233904080e-02,-2.346886620745227900e-02,-1.143213518958470683e-02,1.139911438711375957e-02,5.237008902398213039e-02,-5.981523137236403193e-02,2.861189562966522798e-02,6.335958367492050547e-02,9.803067596511470805e-02,-2.697912453453860104e-02,-6.636120932316032228e-03,-1.716438374150537280e-02,2.535811342871350030e-02,-7.325446826990429650e-02,-4.227358256068979026e-02,4.007171830579151633e-02,-3.846215983750966155e-03,4.051950929502241838e-02,6.614303100951221537e-02,-4.762984286404906356e-03,-3.442011251055608623e-02,6.263708717111661495e-03,-6.776838918709079951e-02,3.279648852925169666e-02,-1.065183446812288838e-04,-2.803949415786783500e-02
-1.246642951446971966e-02,-2.892126947874952211e-02,-5.181542339432815975e-02,-1.179532048702231981e-02,9.779805642576119840e-03,3.426112177471585252e-02,1.483572078868041454e-02,-2.010327276885008618e-02,4.821709456590470011e-02,3.912651300472098914e-02,-1.643211422255350454e-02,2.944781080061812371e-04,-5.703631872042695672e-03,2.094617304356157991e-02,5.626713265393445962e-02,6.340875909751818307e-03,7.900892791313792740e-01,2.757938229728659416e-02,2.018206857266532928e-02,1.921761411249442095e-02,4.740110038728218212e-05,7.747076829563125967e-03,3.837251044251341336e-02,-4.931304661777634324e-02,3.792043951493886261e-02,5.521960428501788282e-02,4.015754746397211250e-02,-3.313765022652361090e-03,2.285624580024468722e-02,-8.683676191310262318e-03,-2.637942718967383263e-02,-5.263941069459799477e-02,-2.770137157444733933e-02,1.084296468024761179e-02,-1.752918491408942195e-02,-4.256130656775652249e-02,7.112671065415211713e-02,-7.096786381943272042e-03,2.270757709013642572e-02,4.527077517269017387e-02,2.888755783935832364e-02,2.023430666568745359e-02,1.614939276388794448e-02,-4.835619052515202632e-02,1.412970539328529040e-03,-1.483414764503336591e-02,2.143350167363937062e-02,-5.439518211935901945e-03,4.301572475725859782e-03,1.737148331506311802e-02
9.371557238513468502e-03,-8.000392206197942668e-02,-6.069886533439432935e-02,-5.886324141119877312e-02,5.068787799405451849e-02,6.948038526354990106e-04,-3.871412158635076373e-02,1.248418724676563368e-01,1.788919035744025721e-02,1.282070540011505388e-01,5.540355163322063098e-02,5.660601854276559042e-02,-1.658799979617301551e-02,-3.805700479647834006e-02,-1.166712416230631794e-01,-3.912998007898398772e-02,8.299470721185674138e-02,7.883486927758673879e-01,1.424092479690317698e-03,-1.727217924216734035e-02,-1.923450812947679472e-02,3.094867391838140164e-02,8.607647406433337200e-02,-6.677639097288366569e-03,-9.962902754398253458e-02,-1.375719201599959196e-02,5.675236805860758849e-02,-3.119851541034360937e-02,7.776130745895989960e-02,1.783391571631971068e-02,1.690318447136453196e-03,3.237041826188605947e-02,4.457795412080393233e-02,-3.542650837657582564e-04,-3.278437933125261106e-02,5.667881544295413215e-02,-8.274058467944195305e-02,2.823029134689314726e-02,3.296279520173124589e-02,-2.148153986593713191e-02,1.640593858044616781e-03,8.924136461932019593e-03,3.211007802216640089e-02,-4.037362775217052946e-02,4.651083881527642155e-02,8.542375813849454463e-03,-3.836232020364770123e-02,1.543184347068769259e-02,-6.575427585971713174e-02,1.659424287312913360e-02
9.831692426473781152e-03,-3.438430220954134114e-02,-4.313804824611907479e-03,4.093321739797509129e-02,5.633717284432483534e-03,-9.817376496087519208e-03,2.174892973188321740e-02,-3.140936779141099977e-02,6.579464085727819954e-03,-4.510285814502786733e-02,5.941418557388175939e-03,-3.411491068074897631e-02,2.724047558737347982e-02,-4.277308709935167402e-02,1.626198641680843757e-02,-1.649157636297832880e-02,5.752839953025758873e-02,-5.021485429346857904e-02,8.391383786986698068e-01,1.742919561374564608e-02,7.259910596863519174e-03,2.169732481326612505e-02,1.130937996400774304e-01,3.058137543162465014e-02,1.307683132889881847e-02,-4.874411492445859806e-02,-4.350896595935523775e-02,4.741154576082780465e-03,8.360697693220488225e-04,8.433493823444922211e-02,-9.742267832674830763e-03,3.257500131130088711e-02,4.711766104130567928e-02,6.161441663367885069e-03,-7.353197224003834480e-04,3.306670650487909119e-02,1.066122117111165807e-02,-1.542088962404183743e-02,4.333781905219311059e-02,-3.028000007587624415e-02,4.606955307621500573e-02,-4.629774859991537400e-02,-2.437487497125521638e-02,2.595712522250393645e-02,-3.556604213439740810e-03,2.431932728247677370e-03,-2.131545684735613663e-02,-1.413400008524109443e-02,-2.596407603155291913e-02,7.186696349120312750e-03
-4.005865458642918209e-02,1.656898730771279860e-01,-5.003541003993371150e-02,2.403793230000525125e-03,9.083787756849504014e-02,3.130973635526596195e-03,2.147190927809728561e-02,-3.631187938216581812e-02,4.772698772814873425e-02,-5.579478642542186687e-03,3.393188552346229625e-02,-6.553470433736606482e-02,-2.529164446784054610e-02,-4.642641686637331497e-03,-7.809562640323587657e-02,-1.503310430697880375e-02,-4.286814313872688853e-02,-5.381383855579904840e-02,-7.500074330263142852e-02,8.354578176391227462e-01,2.241599088410001911e-02,1.994865650397294882e-02,-2.565445576737229380e-02,2.632608792490976138e-02,-8.450009319427123633e-02,-1.261258464666909461e-02,-1.147477258429273686e-02,-1.281343373538951225e-01,-1.283463048695152875e-01,-1.566952080994872196e-02,-4.460764567563445249e-02,3.208320288077516559e-04,6.170201848239389303e-02,-2.252903148617281352e-03,-6.028365852169750155e-02,2.049504451318977238e-01,-5.970026533381599804e-02,-2.066305481112458084e-03,3.403573157635202129e-02,-6.254673309581677831e-02,-4.849931410651813629e-02,4.281814245635944677e-02,-8.636846371248427939e-03,6.714885068238805876e-02,1.655605925349226126e-01,3.850335650525317510e-02,-1.119492677745331510e-01,7.093045417966570287e-02,-2.525336120333409803e-02,-1.935457929356588364e-02
-4.717512883962970277e-02,-3.981870073288360651e-02,6.545464074617027284e-02,-8.034378369727497582e-02,-3.346661116757355860e-03,-5.868694794874900963e-03,4.123755052668259119e-02,3.019915459692526852e-02,3.223328953798096363e-02,-4.100504815076907311e-02,-8.606108921180624302e-03,4.784844190427463284e-02,-2.377402702452995065e-02,-6.552805671100561669e-02,-9.215840032066458312e-03,3.815880714465573476e-02,-1.957723857795351866e-02,2.382149550034559291e-02,3.398903563421254437e-02,4.086876970536677638e-03,8.004124799196805640e-01,-1.119945373895445961e-01,-1.315782751484598501e-01,-4.275233648954798044e-02,4.567767470348176734e-02,-4.019873074736818319e-02,-3.129510690492754571e-02,1.324391440656513541e-01,5.783441845957414118e-02,-4.080976161411958153e-02,1.011178726953920332e-01,-8.544657901041542367e-03,-1.196441369752282609e-02,-8.226210533325492569e-03,-2.628930511556265559e-02,1.739908187547176827e-02,9.897653769321657080e-02,1.645206865673924657e-03,-7.191812551128377862e-02,-9.012860122745272595e-02,7.855945678159635681e-03,7.999222193398634884e-02,1.166565606715617015e-01,-4.518627964791098461e-02,-1.155950293106788873e-01,2.718354022564217504e-03,-1.464379130213148972e-01,-2.209647993292149573e-02,-2.606502702643026179e-02,-4.167513312280064948e-03
-4.933879667115572548e-02,-5.208460496615716084e-02,-2.108103127175745342e-02,3.060077752326594708e-02,1.131805887190040320e-02,2.430575164387212966e-02,-5.352453401706772085e-03,-3.077216427707379562e-02,-5.509111300582541365e-02,-2.288185605544560894e-02,-3.200565880969664240e-02,2.947096239610084642e-02,2.606778665221989519e-02,8.456677692045863615e-02,-3.395251583026336756e-02,4.323990599703400606e-02,1.212842068967528303e-01,5.289208429327631883e-02,-3.752153243689261564e-02,7.606776783561506466e-03,-2.384872676978160022e-02,7.423860732302367538e-01,2.455226296931263541e-02,9.461586581136922566e-03,-2.679071181403130594e-02,-2.923053466697608446e-02,-5.872106882725929011e-03,8.071844330762874276e-02,-2.697705981763626540e-02,4.455787872152504325e-02,5.251476542791710597e-03,-1.253570600217304015e-02,-3.904253567277846115e-02,2.076093940814681058e-02,-2.553572155741357097e-02,-1.324323546889197289e-02,1.228636611428780487e-02,-3.803974224463583381e-02,-3.624630575528695747e-02,7.737052797692971218e-02,-1.026911546508699029e-02,4.167539453079866646e-02,1.583085338818780675e-03,-3.394093289842532724e-02,-1.602421575482178007e-01,-1.539144280078222522e-02,-3.497686230422429599e-02,-3.552601657054952483e-02,3.503531899614616574e-03,-1.597966953104841558e-04
-1.370782551696844535e-03,1.673981037898656168e-02,-1.726387566695658949e-03,1.134950231158551696e-02,-1.076067681708121372e-02,-4.140300396351228283e-03,-1.106659936084578369e-02,2.425839662434137872e-02,4.611733491897408721e-02,-2.121303490485998422e-02,1.198896354118184765e-02,-7.269917489343555132e-03,4.592953283163313423e-04,-2.733803474525297889e-03,2.833176093517328006e-02,7.493430062390278200e-04,-1.905625225002513870e-02,1.078878930467504216e-02,1.416112647513945340e-02,-4.145017822941021723e-03,-1.050151438986079815e-02,1.795951051422538594e-02,7.745384747453224472e-01,-2.412143284097604742e-02,3.803745785982592248e-02,1.533768992466966012e-02,-2.159017333146824418e-03,1.724633085554386908e-02,-2.703392062703607532e-02,-1.808679229641367223e-02,-1.753631705717411662e-03,1.113008003779458223e-02,-4.342949447891755049e-02,1.723176554418745163e-03,2.094728646277062289e-02,2.033137310965032682e-02,5.139103190294825804e-03,4.813369910035110444e-02,1.836747033206211554e-03,-2.159939677957305182e-02,-3.334779582505537771e-02,2.231179966402287509e-02,2.251047383334060792e-02,1.072202672174766766e-03,3.486018492695543451e-04,-4.487726663881766469e-05,-5.446567902795621929e-04,7.119874570590850604e-03,2.847467637362303960e-02,-7.524625266637078799e-03
-1.256422674947236108e-04,3.109101548816754421e-02,-8.002431281297008037e-02,-1.708478684981499726e-02,-7.412057646576378916e-03,9.661513198087508247e-03,-2.315778200794410546e-02,1.009109465484134792e-02,8.427396113310936521e-02,2.620213952653988737e-02,3.277347520969711020e-02,-2.175459783548920438e-03,-1.103343239732046399e-02,3.338929039711606428e-02,-3.139230735297672548e-02,-3.998869832518953354e-04,-3.935064138385131055e-02,3.034864058311421628e-02,4.474003119054591193e-02,1.206510065529892107e-03,-1.372528431293860290e-02,2.467814643735129557e-02,1.194182756247204845e-02,7.820238113187608642e-01,4.198402029136110358e-04,-1.226185123680254918e-03,1.104796407222814920e-02,3.532086017881676254e-02,-2.439816436307156930e-02,1.504792602634591643e-02,1.674721664770132887e-02,1.470116417611001640e-02,-4.974286317378449201e-02,2.846983781746927154e-03,2.125141731153543101e-02,-1.532466627017302178e-02,2.891621489730961808e-02,-3.432512171147035496e-02,1.717116261381814281e-03,1.690793005270876254e-02,-1.567263223724034427e-02,-2.350989287918110390e-02,3.768687846382064860e-02,-1.542736971968817171e-02,-5.461108355726498496e-04,-6.157347013309883224e-03,2.276260368702063240e-03,4.497976996168077599e-03,2.964005866952306237e-02,-1.437439280313473379e-03
-6.268050992487732460e-03,-6.426446915124900926e-03,5.290919451226539644e-02,5.302037692723432331e-03,-4.267222023377573864e-02,-6.246067246900520974e-04,-3.212675418634969153e-04,6.375817030637801960e-03,-2.074804983119850343e-02,8.275493923516272221e-03,1.138993238521016776e-02,1.655667911941059375e-02,-4.956848584286906861e-03,6.710225048077065983e-03,-8.784440518412436893e-02,2.649202408202178463e-02,4.953379454470127619e-02,4.167572299138820081e-03,3.094341188886131147e-02,-2.124662961394883573e-02,2.234846776323433717e-02,-3.704306655420263727e-04,7.243722605218352612e-04,5.126442527630113016e-02,8.026683350088215096e-01,-3.492361863654124682e-02,1.035729977215682843e-02,2.929024637567014325e-02,2.636995665252698379e-02,2.409116480323434534e-02,-1.888137427270314200e-03,-5.340183799056615055e-02,5.282982504759370368e-02,-3.171262929488205800e-03,9.455341951550556845e-02,7.332341009582171026e-03,-1.246421359825989651e-02,-3.756703032741181419e-02,3.011684938503846401e-03,1.576627312648667956e-02,-6.729528554952002306e-02,3.377964729204957495e-02,-3.179457698207280997e-02,2.123717903322785636e-02,6.967275817248218088e-03,1.668722929309784248e-02,-8.424547757782058222e-02,1.053964654160433577e-02,4.762088692432350431e-03,-2.575882249066064819e-02
-2.573115474895632752e-03,-2.421301192034123681e-02,1.093573023883810842e-02,5.324761765849020173e-04,2.023953614838985219e-04,-4.652455030912001042e-03,3.607493652091910835e-02,4.003857501662640150e-02,2.672136180690120807e-02,-4.689229673561342432e-02,-1.440397631409900091e-02,-2.476715047024880337e-02,1.108925047116430737e-02,7.782246606971626214e-03,2.932694411106319746e-02,-5.714574852605201760e-03,2.270114414418952873e-03,1.903840467015697341e-02,2.791790289540962543e-03,-2.835838450280162709e-02,-5.341570722712007946e-02,-4.937817981254429001e-02,3.979926164565991686e-02,7.824245851175538544e-03,-1.259211804419091765e-02,6.064960786583691865e-01,4.790987596510089958e-02,6.817432688368166294e-03,3.129129951509303925e-02,-2.555873301482988399e-02,5.049055986311476278e-03,-3.645160623071158623e-02,4.918826429570508779e-02,2.664861433463140694e-02,-3.468695818250231572e-02,-1.120905715156750998e-02,-1.271071054978727827e-02,1.144706601895148501e-01,-3.664172495239287775e-03,2.891418711986299978e-03,5.496179756956988752e-03,-4.047327208796222542e-02,2.015825556356325328e-03,-2.283673140296502840e-02,2.979399139562217014e-03,1.411972818915410884e-02,9.238484728628676423e-02,1.951936945219241368e-02,-3.916094792204548314e-02,-1.558524790414074490e-02
2.644889966391511180e-02,-1.486673485045843538e-03,-6.357576647288767924e-02,3.290109767339762653e-02,5.532774795731713012e-03,3.490895493521655769e-03,-1.787787160848222645e-02,5.343057620877480346e-02,1.614178078236297789e-02,8.687705704100764925e-02,6.072027112007067490e-03,3.394231726370709745e-02,3.228909113237025258e-02,-4.130933323734272723e-03,7.502475821753989971e-02,1.007530088390818507e-03,4.504050837330965396e-02,1.686291006284774616e-02,6.218878821831217395e-03,-1.295305362802610938e-02,3.824744534161329118e-02,-1.191797364998718918e-02,4.673201187674053819e-02,4.825491704283512914e-03,-2.560425542463341114e-02,-2.902010077254078488e-02,8.716903212185073135e-01,8.698865895986092681e-03,-3.556833033697435597e-03,4.527526321504087709e-02,3.786394802813748965e-04,-4.039922993549065200e-02,-4.097698864514258410e-02,-4.028571785998853565e-03,2.541783477729711929e-02,-3.631689803826975045e-03,-5.943317191594287702e-02,-8.857125476350344306e-02,-6.789310496205452385e-03,1.671591994280328258e-02,-6.480922560525151366e-02,6.358204557965026205e-02,4.309731640685924431e-02,-2.017360091274965003e-02,3.405979852643079009e-02,-1.028963127113335409e-02,-6.630864400831856798e-02,3.556159480211612371e-03,-3.842499030345376820e-02,-2.004190883366610207e-02
2.193438424728486394e-02,1.321300567404998412e-02,7.134770703433322703e-02,-1.296687471480776482e-02,-2.592046222138241415e-02,7.186279159572207288e-03,-3.228364258132325471e-03,4.690966428932438759e-02,-1.226441442080199000e-02,-8.724762062433263909e-03,-4.339925456002745319e-02,2.159107925602438832e-02,1.666208498371246627e-02,2.477805300265480126e-02,-2.001730967565138603e-02,5.717129054572834407e-02,3.691053299661891524e-02,-4.625452816843848153e-03,3.016253234464135943e-02,6.884799236974885502e-03,3.750856928002136402e-03,3.874602377201821768e-02,4.369144589505136872e-02,4.711986364494265972e-02,7.424582635715448742e-02,-7.195559397121542924e-03,3.722093183210423845e-02,8.120125146791250526e-01,-8.289791989313491372e-02,-2.492233707849604227e-02,1.693072181642097870e-02,-1.313013774729382757e-02,-2.887135090945860266e-02,1.049098895760176668e-02,-9.256725849171223985e-02,-4.228536491222244925e-02,1.490818372690154436e-02,3.475077929569371504e-02,1.041783150409298633e-03,1.592151131235550882e-02,3.148718645559182155e-02,1.868443227070655174e-02,-6.903605451557855502e-03,3.464888849029420376e-02,2.990975605506201312e-02,2.818740140841327017e-03,7.029069065121025528e-02,2.397445590275493199e-02,3.848411991260160259e-02,1.777103689051832622e-02
5.228334022690389778e-03,2.415213461724764407e-02,7.602952329145663823e-02,-1.626716933773786691e-02,5.998237472500527433e-03,4.145458830705422287e-03,1.693306252734277928e-02,-3.013557069750342696e-02,4.575512990426281140e-04,7.608203727717703646e-02,-2.311234155077548230e-02,-8.796334921043482205e-03,-5.476858752000029334e-03,1.645369568869139293e-02,-3.382780630790702819e-02,1.121918264561665504e-02,-1.558032480005339462e-02,2.853451401039262467e-02,1.348049453331270735e-02,1.027139704790487433e-02,7.134167623254911508e-03,1.170548637012684690e-02,-3.965041674374959746e-02,-5.471488783462508110e-02,2.326267143606629631e-02,-4.080165241949897104e-02,2.617080492932301328e-02,8.131618511848062378e-03,8.549772254714794739e-01,-1.218380693693387612e-02,1.562827160936046400e-02,-1.152456222251502238e-02,-4.683888363018039180e-02,9.850957273576559439e-03,-2.509641389125182379e-02,2.109226757699268848e-03,2.881283619143533078e-02,1.753461372999481904e-02,2.178668453036508405e-03,4.978693003484461338e-02,2.369645104392473917e-03,-4.250962144267778076e-02,2.070963933655025138e-02,8.992048126450085527e-03,1.353409438984984337e-02,-1.478904912326689004e-02,-1.003366635026217918e-03,1.528483518569764311e-02,4.803746158879462769e-02,3.820815141184284724e-03
-9.142520243127554014e-03,5.219093700565230476e-02,2.846735756750707128e-02,5.555559111337850242e-02,3.106591100918830797e-02,-1.247799395684124658e-02,-4.430640552430194917e-02,5.505917396267479696e-02,-1.479654748259192666e-02,2.667802668209849973e-02,4.617277113412954909e-02,9.864499528473295170e-03,-3.488569695084437622e-02,3.969708309428923720e-02,9.807523298557963357e-03,-1.728967803677380899e-02,1.111698952545291975e-02,1.590066010819256304e-02,-6.691924493410333560e-03,-1.337378642119425864e-02,-1.812016668089087151e-02,-3.945629714645092212e-03,-3.292835719997357080e-02,8.986395467978657015e-02,-1.257256029829637890e-02,-5.854830160575200115e-02,1.120029427825550497e-02,-4.650743441646372836e-03,9.697195058887354835e-02,8.244230632554259142e-01,1.526433847953142381e-03,3.534279785593449213e-02,7.220734524306753055e-02,-1.386362556368662784e-02,-2.790912335789623097e-02,-5.266324112013523635e-03,-3.637509941438247379e-02,8.343649035986318296e-02,-1.213862438338217734e-02,5.291530756657529403e-04,9.181131360374582967e-03,-4.202982185525255127e-02,3.736813132949103750e-02,-1.788251062848609726e-02,5.070180642871876392e-02,8.901934566392001244e-03,-5.011076927469769980e-03,1.767422184100395435e-02,1.293210491670622984e-02,-1.582211672833295016e-02
1.487946749390153854e-03,-3.939744532497382185e-02,6.255852316277432656e-02,6.766800171378677120e-02,3.683937858363034445e-02,1.045078484364070706e-02,9.762505135335320522e-03,7.771228009656359903e-02,-3.062118158658136066e-02,2.382572855799819714e-02,-4.312923689347933354e-02,-5.724686698053312039e-02,-4.852600375008922495e-02,-2.519946405912133758e-02,5.109903914720390766e-02,6.243989322711085421e-03,-8.738805555593888441e-02,-7.912283166171669990e-02,-3.503484398346116968e-02,-6.756973022944325578e-03,2.659439871473109548e-02,5.172741529190298150e-03,-1.187731399083072070e-01,-1.568774352540994871e-02,-2.162295470215591653e-02,3.839279410790345098e-02,-6.177945295857664547e-03,-5.335834743390204448e-04,-2.535486172156309337e-02,2.784986160144886647e-02,8.350572790873224127e-01,1.071140550484553644e-01,5.509792500225429990e-02,2.200869149862342070e-02,1.012744456450620500e-01,8.931764476648773599e-02,-2.182332517115457768e-02,-3.348828488324682301e-02,-1.523033814443630445e-02,3.815820203095215274e-02,-3.197885755458232393e-02,2.953601000827203032e-02,-3.950040618771658713e-02,1.701286735119197924e-02,-3.076021444775524361e-02,-3.368632295679593099e-03,8.240322155905328849e-02,1.309144317300132987e-04,8.766208695828449707e-03,-1.339300780900076759e-02
1.094179119129746677e-02,-2.848859295463828344e-03,1.751560929147150461e-02,-4.253396752317553653e-02,2.372859474109546146e-02,1.538072756560666943e-02,-1.353831878320477591e-02,6.596717103655042221e-03,-7.713588060647841305e-02,2.423401742302265169e-02,-2.847829010175445194e-03,-9.573082210432314054e-02,1.933248436863091099e-02,-1.989756650746804176e-02,1.237052995776613019e-02,-1.274493376538704103e-03,-2.628708455513338940e-02,-1.336775232905181021e-02,-1.429699777440042235e-03,-1.158146807893148389e-02,1.579400073511972452e-02,2.604326059333151450e-02,8.294564138894812422e-02,8.086232273330577411e-03,-2.875471069756636508e-02,-2.844939660527125158e-02,1.187808264110414534e-02,-2.380567051675340842e-02,2.154298137602720861e-02,2.311580109101240774e-02,1.136174212709430142e-02,7.081105305139767658e-01,3.928999990457874431e-02,7.101164461214250039e-03,-1.919946401111211759e-02,-2.082963106647995818e-02,-1.551801835177877252e-02,1.884252736479239548e-02,1.261671634912887516e-02,3.503247864939661865e-02,9.293457795505851923e-03,-2.365839896106187654e-02,-1.709296651610816425e-02,1.245633751325864180e-02,8.217284001840704719e-03,1.316964899719638531e-03,-6.240142245165007651e-02,-1.011939532641286180e-02,-4.231747517353416643e-02,6.146793807659842006e-03
-9.801068845495370351e-04,-1.919244222038528347e-02,2.569883972035182790e-02,-3.320004719031099255e-02,-3.203223811544752414e-02,3.525184350929030409e-03,-4.935597893303467557e-03,-3.408642449773568311e-02,-4.232126531596711039e-02,4.105808571426946413e-02,-5.433338706092831136e-03,-7.322680685439203474e-02,4.002795791931009449e-03,4.419501727295589016e-02,1.967947365140676821e-02,-3.924985289226685763e-03,1.783894378778619338e-02,6.786174314805082895e-03,-8.881805173788037341e-03,3.206980361845006549e-03,-5.024055250528366642e-03,-1.219632565527229741e-02,-3.623252437266617776e-02,-2.539784533001852515e-02,1.929693053585570042e-02,9.045878581216703490e-03,6.792747558855396876e-03,7.298474952900342941e-03,-3.821715721766306972e-02,-3.109604258770283514e-02,1.093043899760853636e-02,8.436674941761172775e-02,8.506757723912818925e-01,3.665949680571551315e-03,7.588608629883630656e-03,-1.083256843448159078e-03,-5.534965540641599395e-03,-2.128136212025045007e-02,9.212008683204420817e-03,-6.257987391100459929e-02,-9.836020159245357358e-03,1.779601245557261777e-02,3.344301419440531137e-02,2.727960279853182055e-02,1.766478341233199481e-02,-1.221021998855361529e-02,1.843449084393965209e-02,1.462614149679136158e-04,-2.254030967520096948e-02,5.155602411660814392e-03
4.204934909251548635e-03,1.861458302809991250e-01,-4.682941453510973406e-02,-6.242828299416527255e-02,-5.334612558004477728e-02,3.578702451447937638e-02,-1.346523338673942805e-01,1.147446978139071184e-02,1.457947031324555338e-02,4.030709119678775078e-03,-1.071577131214575540e-01,-4.942159159430536963e-02,9.918020103621403606e-04,7.259216795622576435e-02,-2.941279031622375667e-02,-1.509878332510708639e-02,5.702970196811070480e-02,-1.245073335310403068e-02,-6.569368265133285201e-02,1.116470282296001121e-02,-8.712698629638943038e-03,5.536324372775305869e-02,6.359410213520090560e-02,2.114538077501191757e-02,-1.002575423462651744e-02,1.319570662137755923e-01,-8.328984957208139528e-02,-5.041495167160243290e-02,4.133157392340729847e-02,2.113511476971778255e-02,8.254580588854427969e-02,-8.283245906951321180e-02,9.022924662660131156e-02,8.426862287017184983e-01,-6.995345533074345812e-02,-1.215375338451845505e-01,6.657048393234771613e-03,7.181473803535284861e-02,3.427961378102271917e-02,1.849470743506984385e-02,-6.951258258199415063e-02,1.545333751240124676e-01,1.394010646386780600e-02,-4.875348844442674301e-02,1.529482033560355253e-02,-4.844085724935374287e-02,6.872932796059721960e-02,1.756960768286685085e-02,-1.415734725577542756e-02,3.880740333121775881e-02
-4.363599264442724786e-03,2.207851973964659181e-02,1.064618003612288755e-02,-1.604098948302667277e-02,8.126362386323049761e-03,-3.333961065197673952e-03,1.885787109641234166e-02,1.656381793178858877e-02,-2.888024992456554932e-02,4.697734359859311731e-02,-1.103075658222043773e-02,-2.396980620927518721e-02,-3.124838529007091525e-02,4.378475648502275046e-03,6.082416948211444990e-02,-6.071093256870298271e-02,-3.304565025241728633e-05,5.542887217417278439e-03,-1.680820874671380867e-03,3.694568678209311698e-03,9.913345172829691370e-05,-4.353801794209702369e-02,-7.077517237872449352e-02,-2.243222240211477023e-02,4.766100576735772532e-03,-4.747622329764086130e-02,-2.113881785820591330e-02,-3.675366814436384355e-02,-1.193815229409768836e-01,-3.539398959776286074e-02,-1.831430467548156305e-02,-3.193647649737863664e-02,-3.514574887505328687e-03,-7.919994250482254375e-03,6.835283433965696487e-01,-7.462644042827547113e-03,1.992007550648604297e-02,1.305002153053372478e-03,4.100931624645262098e-03,1.703765746089580882e-02,8.525289451080445002e-02,3.957543120556560740e-02,-4.036045374241153255e-02,2.363922300589624617e-02,-1.760555233988608803e-02,-1.658537664667690884e-02,-2.645305589666435003e-02,-1.572962359873984750e-02,-3.211257612805017841e-02,-7.296304194818655983e-03
1.111802838104465662e-03,7.419899219122857645e-03,4.334138916948225562e-02,-4.792445134645455240e-02,2.339762746426812118e-02,2.064393948138317295e-02,-1.808402532048757408e-02,1.415405753628557438e-02,5.416491840434096289e-02,1.593257205651622517e-03,-3.835224888719260955e-02,-8.665875118532808535e-03,7.143286838916255987e-02,1.358501167049781105e-02,8.745989329531407563e-02,4.398732950321834929e-03,7.290537319474597530e-03,3.521820725389015333e-02,-4.704287771272763242e-04,6.506269245405064613e-03,9.638309175475973448e-03,3.462953507894697691e-02,2.825417484371176360e-02,-5.883209253008429840e-02,2.373263599061568602e-03,-5.176058447696962189e-02,6.821525564324719404e-02,-1.435529608963354194e-02,4.661968420290546131e-03,4.201691062029342533e-02,-4.040088653756257302e-03,4.048219779033653161e-03,4.275426760797174791e-02,1.315870130910480607e-02,-4.775724646287927977e-02,8.143148561001625207e-01,-3.185246227741761471e-02,2.317629880779174117e-02,3.099807203724895543e-02,8.758025292523798078e-02,1.105385732393551063e-01,1.965473297586956686e-02,4.933458370931627368e-03,-2.599920681338248329e-02,8.819328137975111347e-04,-1.359808186591650314e-02,-1.496465446301081109e-02,4.913818401387127360e-02,-3.856795263748491898e-03,2.523547855935381889e-02
6.193068839655649404e-04,-3.718099593659135449e-02,1.127357502877161244e-01,-3.279002253440671533e-02,6.869338435439034662e-02,1.374995849317787837e-02,-2.110544824665771743e-02,5.303379529178069152e-02,-1.156110342762619106e-02,4.240108570386588727e-02,7.496932166597731909e-04,6.080187574472090822e-02,1.271557901409514461e-02,-1.711635417944049400e-02,-8.557009615561284033e-02,-9.610038527410194945e-03,7.493209936810784353e-04,-3.102207610481277564e-02,-1.286970549482716573e-02,-4.308448098927050891e-03,3.180728077313066393e-02,-2.279753474677155556e-02,1.969345873887373352e-02,6.402607597023024510e-02,2.273476040759627587e-02,-4.808886596298433264e-02,-3.752919508786900504e-02,2.872211882675562364e-02,6.504537089903113245e-02,4.229576314700693451e-02,-4.966079244478561940e-04,-2.594940218060603002e-02,4.427436280874631758e-02,-2.594280935033145986e-03,7.354457765221833476e-02,3.318229891541698770e-03,8.191036170187541154e-01,1.832802761912914052e-02,4.500713912493738839e-02,4.407401974511284543e-02,3.434426345629407878e-02,1.567683948871773439e-02,2.453604959756714582e-02,-3.691723298758745053e-02,1.424481983283805257e-02,1.126723222746217785e-02,9.561785827994946640e-02,9.000683266712538114e-03,-3.368467829025098559e-02,2.461078377385481422e-02
4.228814971848631095e-03,-1.647922709873015203e-03,3.566912622892877416e-02,2.288158600111826063e-02,7.274861676386124715e-03,-1.998962421086842873e-03,-6.128322088753741619e-03,-4.457027756305836919e-02,6.873853850163200163e-02,2.955090778838514662e-02,6.427795274624840960e-02,3.425336769014993704e-02,1.426787676981548791e-02,2.399166423829638892e-02,-2.374658503264486659e-02,8.628905680665887451e-03,4.289786923209999020e-02,-2.882092132442414835e-03,-1.465033065941757917e-02,9.527921028931823910e-03,-5.840756721948212916e-03,7.740454176122677117e-03,4.222074612444040587e-02,-1.002288592454889105e-02,-3.296286946828204389e-02,1.022277005044451570e-01,-4.563580501393770666e-02,2.626351802895362381e-02,-1.894433345612099584e-02,3.637077303710443965e-02,-1.176491281955367729e-02,2.782587548788964527e-02,1.367414396098902115e-03,2.144871892559319093e-02,6.771880608282378547e-03,-1.387498391053861545e-02,-5.414626720763227388e-03,6.603270663447393662e-01,7.673453564650324112e-03,-4.258705337983816064e-03,-7.235456903851600688e-03,1.615519196216909023e-02,2.038247383157450188e-02,3.902592693565835880e-02,-3.791521373644533149e-02,1.512022189981689774e-02,-8.155718875929006406e-02,1.170785193953570143e-03,-3.038154099361746463e-02,2.137527789927562774e-03
2.511933441306874945e-02,5.369302180445726519e-02,-3.947599874043326851e-02,7.857040711404435218e-02,1.143332389841932896e-02,-1.484527681329384646e-02,2.582749864322873325e-03,1.314743797988092988e-01,7.301451856886201353e-03,-8.063386638734898471e-02,-5.028847644856881786e-03,-4.273752771608672896e-02,-7.967820621081374288e-03,6.362258586056096510e-02,-2.281863208498289067e-02,1.169779227563449812e-02,-6.239031249132261092e-02,5.701170686591826298e-02,4.679474696965579134e-02,2.745535145650236566e-03,3.793080881388585270e-03,5.395850453694876064e-02,6.864238804684236195e-02,-2.550500149157583149e-02,5.423942299989616871e-04,-1.105668808739061759e-02,3.349618811658446743e-02,-2.066497459460596431e-02,5.603617027474251666e-02,-2.606654961145848937e-02,1.490473889459367589e-02,5.528221123961450656e-02,2.477466861671157733e-02,-8.930125214474829085e-03,1.701613106384521415e-02,8.618941008219735411e-03,-1.420001396044075952e-03,9.580407541990307654e-03,8.087986861106574166e-01,-2.091967853274412023e-02,-5.921333858145298723e-03,1.161108629527794756e-01,-7.295619731619518156e-03,-2.831450815274233479e-02,-5.767314779072654773e-02,2.666879474486240006e-02,7.525490644776401672e-02,3.834922767453181024e-04,2.353505098896815223e-02,-5.606874222413724823e-02
-3.208073280057691101e-02,1.857804361709286881e-03,-3.471816208137339793e-02,2.024736929701205848e-02,-5.311779068574850465e-02,1.651270459476615604e-02,-7.757710830716688273e-03,-3.377319959169879787e-02,-2.971982030198163510e-02,-1.981102348886504098e-03,8.109344477332472434e-02,-2.729898588730472753e-02,1.794049044499588033e-02,7.840241084175379955e-04,-8.033849922125865795e-02,-2.231376108366103089e-02,-2.843200297139523297e-02,-2.983825100596666433e-02,-6.157185122716981457e-03,-1.761034423487848471e-02,-4.114483170065087389e-03,3.223671700320229067e-02,-2.956107876639531284e-02,-2.380083366994539817e-02,-6.184677162511280010e-03,-1.792663037155316219e-02,-6.330287868031493625e-02,3.588399604078604255e-02,8.578393263015397785e-02,-3.840039006228989499e-02,-1.035228695902801720e-02,2.215802551924938441e-02,8.742808833161809859e-03,-1.193591338929213957e-02,5.498730071257165036e-02,3.653969542682981853e-02,-5.264065980626912028e-02,-3.569958965439439663e-02,-3.239555083833620119e-02,6.462119618617000461e-01,-1.122737572215616597e-01,2.399241778266391581e-04,3.933741406439109946e-03,-4.892269898968854697e-02,8.456163364388693746e-03,3.292340571629627510e-02,2.682580387836237812e-02,-2.680508816849017442e-02,-7.114781931953195748e-02,2.636487916768271225e-02
1.346449879127432046e-02,-3.382454637524383995e-03,3.251614464435302609e-02,-1.594791307544804471e-02,1.537390615394660515e-02,7.979273481609898443e-05,-2.338912745301010773e-02,-3.055769101824601115e-03,5.754736401748823671e-02,-4.174646560648486576e-02,-2.462889774828033035e-02,4.649702999001793097e-03,-3.576634325364966283e-02,3.660143483744159563e-03,-8.001539338985347305e-02,3.951316072005395252e-02,1.389736307632086394e-02,-2.765988213443950489e-02,1.155340458274617225e-02,-1.335079955142377600e-03,-8.127718393398051253e-04,3.413340005362948404e-02,-4.190510867322967681e-02,2.030945277828265574e-02,-6.745715047478902104e-02,-2.487135957617717108e-02,-6.049041848657426244e-03,-6.954011921523041428e-02,-7.805086163904964569e-02,-3.262068373168591079e-02,-8.515873444203743425e-03,-3.778177473277242321e-02,2.136212247341013736e-03,-1.427733635803229810e-02,7.614316836817952572e-02,2.229174318416667425e-02,-4.680611729212942086e-03,-6.907688676727120891e-02,-1.788498059946536795e-02,-2.619779435622305100e-02,7.169426709914219487e-01,-7.160303266066135076e-03,7.039466928590152120e-03,-5.960489509698747163e-02,5.163905285156460828e-02,5.606998667452786807e-03,1.086693787263939698e-01,-6.307983916923734502e-03,4.492163305590400613e-02,7.069474329830968164e-03
2.661468241370814995e-03,2.876909901046789328e-02,-3.872847365900041611e-02,-3.212337663724351700e-02,2.081375106293001202e-03,3.683126137820439197e-03,-2.339246200565982606e-02,-2.222698371767874853e-02,9.129943350010338160e-03,4.180777198106160053e-02,2.567330229906742908e-02,6.413280402934597169e-02,-2.728364690470182902e-02,-2.983020732667327705e-03,2.867159823638921676e-02,-1.293395619012087903e-02,5.665144765713730352e-02,-3.152663591834239248e-02,1.098877260495954161e-02,-5.877646316516424441e-03,7.116460930528025093e-03,3.453825297519273058e-02,1.932361778239746752e-02,-4.338592560759774175e-03,-5.394632648752656530e-03,-1.177402759444162381e-02,-2.291761354130924470e-03,-2.174950802224213421e-03,2.626236008700885693e-02,1.382476620089267971e-02,8.402588172169980427e-03,-3.334948066997632608e-03,2.715762846624335258e-02,6.243287213673217283e-03,2.221693316518807970e-02,2.322671949615633200e-03,-3.485296181164599522e-02,-7.044291550744087582e-02,3.436631886352414789e-02,-2.609254135560078874e-03,-1.941020636581462441e-02,7.531742529695637511e-01,-3.796361083416315008e-02,-3.004340489219358562e-02,2.818609644506240436e-02,1.150317392568756501e-02,3.250114892825879676e-02,1.336278665040458932e-02,2.446084680732416722e-02,2.095824878676568609e-02
-5.912577352196256124e-05,-2.703719705129127571e-02,-1.304954061669855170e-01,4.829089731308785181e-03,-3.491998121326630317e-02,6.895073949317601786e-03,-9.985835453060257910e-03,-7.948586591222445152e-02,-1.516985608638913435e-02,-2.447493686161337015e-02,-3.678116512045304792e-02,-7.433589025975081976e-02,1.373840397633801190e-02,-4.968779803212789586e-02,1.848189764630845527e-02,-5.100068260381956584e-03,4.317038674462993220e-02,2.698821606544033434e-03,8.999379275848057996e-03,9.096101984412661295e-03,3.419448326940857912e-03,1.632008539996005272e-02,-6.151385121696697350e-02,7.281042839859079574e-02,1.122566503721934665e-02,-7.247699897597582007e-03,-5.898247649839307924e-03,1.312170424778014849e-02,-3.333789480391843169e-02,-1.980609984302326987e-02,-1.839824745772226933e-02,4.534089178536879206e-02,2.295969220428637284e-02,-8.181380799072676333e-03,-7.470566516607729524e-02,-2.477949225623927651e-02,2.140975602615586421e-02,8.498371425791883746e-03,3.459262243134392928e-02,-4.214600190546356762e-02,-4.551336157214612432e-02,-6.049050770261733129e-02,7.454526015599921562e-01,4.110422835455140173e-02,-6.654721415877447657e-03,-3.256920243324841133e-03,-3.423258872944131420e-02,3.725949745636580879e-02,9.810401669904773858e-03,1.245716535005827498e-02
-3.095708854909501317e-02,-5.503880483430071552e-02,6.867524846985528786e-02,-4.570268157987499025e-02,1.352172732994577110e-02,3.944225622426750233e-02,1.375751953404976205e-02,-3.549921426711710043e-02,1.004971533084084850e-02,8.082230371809530356e-02,1.154419567494345544e-02,-2.417824343619167857e-02,-9.734126228699192460e-03,4.957375314014826270e-03,-9.506971036485488413e-02,3.030545333330271832e-02,-9.070502024384351214e-02,8.895492537699979663e-03,2.628139603860462498e-02,-6.895098081774534956e-04,-2.848752229752840939e-02,6.322414739187194252e-03,6.291506213874763220e-02,-8.474489124934730944e-02,-8.314001697341434280e-03,-1.103056255540769276e-02,-2.450960801874647182e-02,2.780835662670630773e-03,6.652206095906293241e-03,-4.974395569483525126e-02,-3.871861113997829285e-03,4.832376320246235119e-02,5.549444463672497524e-02,-3.576168959312846728e-04,-2.643689092685339026e-02,2.442071515376917357e-02,6.475789984438388991e-02,6.808542124286375008e-02,-2.693666736607384232e-02,-1.748581853260658403e-02,-6.211482333689646168e-02,1.689851987657891783e-02,-2.361572174623709566e-02,6.785638286876150005e-01,3.156738366549820957e-02,-2.042074580119968702e-02,8.195585318133817576e-02,5.157575079123319188e-03,-1.007510948449223849e-02,-1.870861765631773310e-02
-9.844255939834565313e-04,-1.777995444849253537e-02,-2.780667122370752281e-02,-9.741067728304969239e-03,-2.110422488987982736e-02,2.257406399359600593e-02,2.000152607534142965e-02,-1.052887823500392840e-03,-1.026750540955150524e-02,1.084901752658718327e-01,-4.958330998203953899e-02,8.175826485092592411e-02,2.096040744510810350e-02,7.538763305048627739e-02,-5.693414570923645279e-02,2.276415904235477849e-02,3.058453398166975298e-02,-1.526542041152629788e-03,4.094233212587788245e-02,7.862249564530014723e-03,1.529442390179737779e-02,-5.165285127754670746e-02,2.582863445800423399e-03,2.666251796874267999e-02,-6.721347813090287893e-02,-1.095968705023953396e-02,4.225544471722006423e-02,2.509130491113235190e-03,3.661732276285974141e-02,1.896068190111372190e-02,-2.039915124910208696e-02,4.298151919779705232e-02,-1.269190412600481807e-02,1.529811821199213856e-02,4.514509304064977246e-02,-4.713377600662529282e-02,-6.714110311784129981e-02,-6.366460145470145826e-02,3.208343289615606803e-02,3.324979721394000221e-02,-1.342100535597165641e-02,7.689904677623610185e-02,-1.948438792852850987e-02,4.046029084876650445e-02,8.728569640065334534e-01,7.871961699275533547e-03,-1.056148511150714880e-03,-5.752813571999451127e-03,1.447152209073284193e-02,2.148048043007380614e-02
5.187977308575460883e-02,-1.399028925665148360e-01,-8.279002785572392442e-03,5.096008497932041914e-02,-1.507548473727135865e-02,5.503489038936220518e-02,7.855107698081925660e-02,-1.523484058533620122e-01,1.977277536019795418e-02,-1.276598824874488995e-02,-9.105229696137809303e-02,8.293926107402420367e-02,-3.327607497793239055e-02,3.858815160307539627e-02,-8.238194223698730445e-02,-4.041271529752291092e-02,-1.629315736351027348e-03,-3.231037673701284835e-02,3.119192680002797965e-02,1.537432745521014575e-02,1.380037393936223433e-01,-2.155845846038254021e-02,1.394995862768232987e-02,-6.923683504190951713e-04,1.061008731996156834e-02,2.737166921119388308e-02,4.789750335245836210e-02,-3.955857778107366163e-02,-2.945229435819229913e-01,-5.818345354023733013e-02,-5.262923518204512541e-02,7.258778884786128496e-03,1.106506788089516580e-01,-5.018073907077649602e-03,2.549818747640143508e-03,3.514355880576542496e-02,-1.505532880700422849e-01,3.699658576378430513e-02,6.573250285970407177e-03,3.027965728994039610e-02,2.019548408007748250e-02,3.090789337143667881e-02,-1.057073996270032207e-01,-4.519900741219085721e-02,-7.606323055201250072e-02,7.803200718788357859e-01,7.732708049095441717e-03,1.017575699020632357e-01,4.981452765497210861e-02,-1.335934422788727649e-01
-6.733444439654002328e-03,-8.777023083921149660e-03,-4.149750381041041047e-02,1.738083082562336124e-02,3.166432233324119327e-02,-5.504883740412613510e-03,1.229338001783276263e-02,-2.129837983769657800e-02,3.187292871832048818e-02,-1.827905221954389745e-02,-1.048426472187899243e-02,3.132250207178654405e-02,-4.148440635670125679e-03,-3.102983356475293511e-02,1.369902199193355312e-02,-1.300630197660761211e-02,1.950961612630237180e-02,-4.857392934503439348e-03,1.628790502823262640e-02,9.052210669201790974e-03,-6.818114415903847939e-03,-1.017859807406427605e-02,4.084726237799821136e-02,2.401435148947858589e-02,-9.968273183894779330e-03,5.663294899706287910e-02,6.847069985572846323e-03,6.001226968683500557e-02,2.304912307894949400e-02,7.082393877024536523e-03,4.166142312497353797e-03,1.355712699553289664e-03,1.271331528244921613e-02,1.101770266430755763e-02,3.621683257449215959e-02,1.775768276867385406e-02,1.834673302750963741e-02,-3.728252430011966961e-02,-1.482672385673429981e-02,8.717208506714963986e-03,-2.745181793610597734e-02,-2.509537932066372920e-02,1.237216171746487181e-02,8.286829170346515783e-02,-1.824510741965580315e-02,-3.370121659181175150e-03,8.023870208187022790e-01,-7.238758034261878575e-03,-1.210223191125017750e-02,-1.132795729807296696e-02
3.807506707426253773e-02,5.477570627325002023e-02,-1.278487333202358960e-02,1.061890094507836474e-01,1.500205467644430690e-01,-4.816531617902100604e-02,4.922517422842462818e-03,-1.603046912294525672e-01,6.808107936547533323e-02,-1.831123082066465207e-02,1.169939421827174419e-01,-3.179527328046250628e-02,-7.798024960458685428e-02,-6.438068719667487672e-02,2.699534280754486027e-03,-9.105950319337130505e-02,-3.442022181897053286e-03,-7.374327916584341724e-02,-1.174462924653649626e-01,2.390351147982124058e-02,1.014565510946787708e-01,-5.692378289426087978e-02,-2.408265052291666194e-02,-1.192720858320980501e-02,7.701719131061013357e-02,1.373529131424344393e-02,-1.313505709973912527e-01,2.858620380644109199e-02,-4.506738114342621199e-02,1.991280636171281065e-02,-6.299388215788146415e-03,2.431775301226189040e-02,-4.726688029332024726e-02,-1.096630601570760914e-02,-1.356127914868159035e-01,2.282243346919440585e-01,1.076671290506712488e-02,5.125605895908508236e-02,-9.928717395327343875e-02,-4.848536129140201822e-02,-2.285891848246034488e-02,2.422738443264280551e-03,1.919625210491944511e-02,-9.351203739877682330e-02,8.227294787476668522e-03,6.107324884501817187e-03,8.814903463022413788e-02,8.052934197033425612e-01,-2.297022096748090741e-02,-4.191627093690608596e-02
-2.562694443334980181e-03,-4.322204159016609232e-02,1.372035680394581222e-02,-3.698000128160609801e-02,1.261595429787570367e-02,5.620669996779154888e-03,-1.876211455019086496e-02,-3.337640872565111883e-02,8.970170223244625443e-03,3.725642511266458244e-04,-2.849267104555268035e-02,-3.924356870207274667e-02,3.672659806196510585e-02,1.862374021029465296e-02,-1.942786365760525852e-02,2.003290636519688625e-02,6.002509289433782119e-02,-1.826496401916922335e-02,-5.471153231778774079e-02,-2.370284277270982495e-03,1.330838123543560091e-02,-4.853779476071772708e-02,3.885270937025226551e-02,5.736803772652856320e-02,4.733096337183078511e-02,-6.383285135698985036e-02,2.408337131452348637e-02,-2.918518018762540980e-02,1.073149156170741109e-01,2.619898453558061960e-02,8.024914479394356856e-03,2.570248828568079055e-02,2.171576949319464420e-02,1.701704959980212791e-03,2.733192264949070929e-02,-1.522583337053346267e-02,-5.063261603680715983e-02,-1.022944591760528189e-02,7.957123960441314647e-02,3.563599098005523075e-02,8.197661180859090735e-02,4.942778456494068690e-02,1.317368068447880361e-03,4.173897165054303582e-02,-3.004008140876671118e-02,-5.126361162332053467e-03,-3.470146843693919757e-03,-1.116546697502264832e-02,7.552930794125392033e-01,5.151156017776309382e-02
2.799155046293954133e-02,-1.067280243361021924e-01,-4.988521473655948418e-02,1.043836279360256386e-01,-2.871052273709671226e-02,-7.256595195995886594e-02,3.066089554223893829e-02,-1.837021716533459789e-02,-5.115142457170498286e-02,5.722528267336297880e-02,-3.602176961382373352e-03,4.297658758845195048e-02,-2.629920478581261600e-02,1.886369192411414429e-03,-5.957449714578231387e-02,1.904180994066769633e-02,7.415539550547797787e-02,1.980915779022652395e-02,-8.549722637992915319e-02,-5.548975433898270526e-02,-9.328230070824729270e-02,2.879611048217569497e-02,-8.753110386726151160e-02,-3.689516991346855623e-02,-3.203842941500038149e-02,-5.197124187255428712e-02,-2.327924916227976093e-02,8.589615698114153389e-03,-1.367686030952006693e-01,3.239188118548570056e-02,4.948845117103047204e-03,-4.892246334269157587e-02,1.540303904670339563e-01,-7.505670994430517842e-03,-8.971784962674819730e-02,-4.189864944078542514e-02,1.576159751157127017e-02,-4.693025053534435193e-02,-5.935805026183731820e-02,3.483757902879150437e-02,2.991251157943739317e-02,-9.027668960977139334e-02,1.284878186423925490e-02,-1.758287583907212556e-02,2.543342901431763781e-02,1.756950679090018771e-02,-5.150267840515023593e-02,7.072827910789539207e-02,6.756194713166126936e-03,7.764751341527625916e-01
