-9.068860945385433248e-02,-1.313854602320482790e-01,-5.378399473954210280e-02,1.650450905321014516e-02,-4.586058181772068726e-02,-1.627053427073364422e-01,-1.511837078625649922e-01,5.974932727338565924e-02,-1.286359429979049562e-01,-1.887768105271960817e-01,4.719660801636772068e-02,3.925324628727273196e-02,4.114290357311356332e-03,1.678517616018658787e-01,1.771350350334425713e-02,-4.905456259211931486e-02,-1.613469331388277528e-01,1.628696858808547851e-02,1.066161040452128506e-01,-1.016618250439502436e-01,-1.046328330605584972e-01,5.689793000089396480e-02,3.327474298418751052e-03,5.443250983684910088e-02,-8.926477523097893496e-02,-2.553772171886140585e-01,6.529725429095577238e-02,6.963332623916503039e-02,-1.250247694132864129e-01,9.215747674126430200e-02,-2.545889629917269525e-01,2.421414573110673013e-02,9.487565029442367182e-02,-1.946967132394537281e-01,9.199899866749344790e-02,-7.084821124674881010e-02,-7.227042143663509055e-02,-1.219323218691198141e-01,3.578167483562558204e-02,6.456770260742700218e-02,-2.509397562048623631e-02,3.670113631844950514e-02,-2.007418597872765928e-02,-1.630018592530976251e-01,1.274314129443132777e-02,-7.135634760053155556e-02,-5.655873926439808352e-02,-2.386094307959574501e-01,-5.526650389231807514e-02,1.305203561052556936e-02
-2.999777306700492474e+00,5.105966221617593837e-01,-6.533287037502777395e-01,-3.744002385209747041e-01,-3.095456391821684305e-01,-3.197995237051524109e-01,-2.556908170240553280e-01,6.245434417673364491e-01,1.627877073025538746e-01,3.897154796617014472e-01,-6.594987295334650002e-01,5.018187169590146990e-01,3.007975242966584029e-01,-1.781527326076403073e-01,-8.202803355110355188e-01,-4.803660601810255670e-01,4.224744859687905585e-01,8.259594819585424075e-01,-1.613749852686758302e-01,7.786369494548765757e-02,-2.844722459518479740e-02,-5.503998952126808453e-01,5.077435140626899157e-01,-1.401905638097482310e-01,-3.679387507635288879e-01,-5.649767216868111994e-03,-9.124114406522151333e-01,4.045275847898928689e-01,1.797283269000106709e-01,-2.828393708899899495e-01,-1.058604627763146455e+00,1.140064391025233104e-01,2.623316603497751753e-01,-3.025152092810397542e-01,6.226086614521997298e-01,4.347415707313259103e-01,1.550594111266438424e-01,4.391512330840713352e-01,4.356766042900622193e-01,-1.197899955618033196e+00,5.868455166802617057e-02,5.293649827259421237e-01,-8.984320319810736033e-02,2.737360715453964755e-01,-8.812965780656168979e-01,1.176200535138906877e+00,7.132828643357197462e-01,-4.585112872186307247e-03,1.160523571859272823e-01,4.756740985556456303e-01
1.881516204453915486e-01,-2.265070387573377975e+00,-8.391037017184114211e-01,-7.312682639363594639e-01,-5.867564982210116131e-01,-4.537856413344544260e-01,7.444366674086698721e-01,4.596227619952445581e-02,-1.342498252033427486e-01,-2.504019165095169863e-01,-5.577698142325213659e-01,-6.765249392658843064e-01,-1.050841551815070440e+00,-3.676737619034087801e-01,-3.538422939428959024e-01,-4.789617074786274575e-02,-2.874269117113545935e-01,2.045124440594188742e-01,4.741521996667477090e-01,2.915774364260516061e-01,-9.676956681877421640e-02,2.688765428855208195e-01,2.443009282126455128e-01,-2.956146469502637930e-01,5.286155366563333180e-01,-1.360656607596450601e-02,-4.486165947956490263e-01,-4.337608566292113221e-01,-6.695845196698894108e-01,-2.452595369368674449e-01,-7.745473291317876985e-01,-2.871698308092834537e-02,-4.745582638568992540e-01,-4.613354441077045509e-01,-2.372161868188785716e-01,1.922149317936005519e-01,-9.603527387140596838e-01,-3.426831712762548054e-01,-8.390657267508653400e-03,-2.828010088022807067e-01,1.848992620707530787e-01,-7.674353557020229255e-01,-1.037765995843116240e+00,1.686451704210009117e-01,2.465356344952736312e-01,-2.448401738683596007e-01,-7.761114179287001980e-01,-6.137439708356843271e-01,-6.133771407618885396e-01,-1.470223787846717922e+00
5.300771823185832510e-01,4.473096608532143303e-01,-2.183186384558978510e+00,1.054527766109473408e+00,-4.563501346823973237e-01,-3.202349541991251214e-01,-7.449757625048611387e-02,-6.241996338209540029e-01,2.478393581730951589e-01,-8.129501894110835458e-02,5.144323715670100494e-01,1.774180526262459923e-01,-4.837316627475908293e-01,-6.310158113118375933e-01,2.313436271447777970e-01,-4.259086809202556334e-01,3.464000753835321800e-01,6.051818098699728032e-02,-4.337145865478399254e-02,-1.908518838760410730e-01,-1.495263798015531720e-01,-1.429213302390421325e-01,-8.230369772628575165e-01,-2.309729478000357994e-01,-8.214704666079141182e-01,3.137497926705956064e-01,3.918345135257317313e-01,6.185916693633392721e-02,-3.387377865400940102e-01,6.890348727350874558e-01,-1.666840233677870653e-01,-7.050856247458323067e-02,-9.162681112052005472e-02,-3.756436780181799384e-01,-2.828505224172840893e-01,4.129259205045154313e-01,1.387607094638467209e-01,-5.733646039612160239e-01,6.382045683729996588e-01,1.503840239398373524e-01,-1.508177250104498102e+00,3.896924807851264716e-01,-2.855702382723731558e-01,2.248551036272976589e-01,4.224086776566895463e-01,4.396669148933069621e-02,-6.735936840758849353e-02,4.695467123192127445e-01,1.365769949991510746e-01,-1.114134470476078942e+00
-1.529901297943654925e-01,-2.394329237664902243e-01,-2.585591874103402854e-01,-2.197095271283231011e+00,-3.324826426622979336e-01,-7.726510118730222088e-01,-7.536443154317075399e-02,-1.397656685243989574e-02,-1.579639382120025526e-01,1.338471104735731824e-02,-5.530023672433241888e-01,-4.884447082599270851e-01,-2.006855538787721549e-01,-9.250534878752352252e-01,-3.813862902627415119e-01,-2.065253417050648965e-01,-7.906831514071757105e-01,-7.238893570332536331e-01,4.691515156550897236e-01,2.652607268941626906e-01,-2.324388545700099146e-02,-1.574009628786672554e-01,6.505903399523731423e-01,-1.093882278101435401e-01,-7.596926484717032579e-01,-2.228753548213634750e-01,-4.932629365570395663e-01,-3.406946114999823139e-01,9.614444268952636319e-02,-2.762439766732454061e-01,-3.272983146059013082e-01,-1.051065725447938526e+00,-2.454543514922556402e-01,1.415150575643329134e-01,-3.668474300712600833e-01,3.002822393092300923e-01,4.909699805384596383e-01,-6.224544961826610212e-01,-3.198772667111161594e-01,3.777679073011902533e-01,-3.448431625806238632e-01,7.635040618132135637e-02,-4.688361870741129533e-01,1.955916003477207663e-02,4.808848622502277514e-01,-3.188238934607832142e-01,-2.064944320140231493e-01,-3.141528443530057779e-01,4.102838337643879840e-02,-6.299984251830340054e-02
3.732110712502604843e-01,8.421467886697934224e-01,4.099797439896369911e-01,-3.280928523421414167e-01,-1.603855535503751817e+00,-1.202921303285676008e-01,6.896326588346137765e-01,-4.776010670070969799e-01,7.904982304073897292e-02,-5.842075279248348796e-01,3.532541045126157964e-01,4.776070009163255886e-02,-2.948369887186097493e-01,5.842677296909840751e-02,6.197205618719393572e-01,1.565302944773855343e-01,2.068702397676475402e-01,-2.626704706413693358e-01,1.072609356801153657e+00,-4.087686447370343923e-01,-9.610863575076243615e-02,-9.632709436869991981e-02,7.958903526437594023e-01,-4.353189636148103170e-01,7.827118656988130141e-02,2.022537205669945326e-01,6.971551011730865444e-01,1.258841797761969458e-02,-1.734716150742824647e-01,4.009345613958468224e-01,-5.414273421215582971e-01,-7.310547618080828203e-01,4.430946393790112792e-01,6.816623941993243951e-01,-4.245714392431190753e-01,-1.967818846774449515e-01,4.523180617891567890e-01,-2.880142909592228739e-01,5.161827780693611922e-01,3.295895869070740170e-01,-2.513752597573240544e-01,1.669148456908526312e-01,-6.600439647534730447e-01,2.972164118220188556e-01,-6.329892622920354484e-01,1.068903409271383881e-03,-5.199420773727406742e-01,-6.453261977962684304e-01,1.157973008523460301e+00,4.549802156360909233e-01
-2.462522907694585372e-01,-2.387618666087199248e-01,-3.245915032350467633e-01,-1.596428030363153672e-01,-3.998361521201839741e-01,-1.950440724853315322e+00,1.808391926205324685e-01,-1.438173668039692543e-01,2.178928704152523765e-01,7.357609549040033947e-01,4.485945956680045255e-01,4.618381791446136142e-01,4.755164382349345020e-01,-4.945207434890677711e-01,-2.855591132303438306e-01,2.624460194042879113e-01,9.605197087564857350e-01,2.071736313047706224e-01,-2.338221240102278664e-01,-6.674121493764292867e-02,5.964757894444229214e-01,-4.251155195318012670e-01,5.912991080053503490e-01,-9.118260814926013591e-01,4.945550148455847388e-03,3.391847453776387633e-01,-7.721846676376299401e-01,-5.918580442074342640e-01,-4.285950377241187770e-01,-1.168353900818721036e-01,-4.107127977515808159e-01,-5.741550061785536535e-02,5.639279317067887737e-02,-5.222906279020492759e-01,9.268618560588429700e-01,-3.609172038407806316e-01,1.178457242195117272e-01,-2.399620881044714493e-01,5.730449606969012510e-01,3.480685607130712400e-01,7.456493087561978372e-01,9.945006430801438535e-01,7.846491885399941024e-01,2.794875331116221662e-01,1.699471980144489081e-01,2.645074511722911859e-01,7.667965618879242218e-01,-3.933008774505558636e-03,1.637411378451631705e-01,3.817277879590343787e-02
7.839846375616293939e-01,4.322572981194729436e-01,2.348464744889537381e-01,-3.267522686446234226e-01,1.179995543157717486e-01,-1.793355764865184054e-01,-2.373556577948694901e+00,-7.719955796635243062e-02,-1.720211424284517343e-01,7.626251953588316645e-01,-1.732467588549875814e-01,-9.981220483199450266e-02,-1.302604191590194319e-02,5.775834105138728802e-02,6.412809751560276383e-02,-2.901208632288008737e-01,4.632179070856399794e-01,-3.562113504537384179e-01,8.814471759292625830e-01,-8.908913431756294854e-02,4.475388858100950995e-01,2.017821950130558317e-01,6.102665754564396555e-02,-8.538577121476133014e-01,1.712884295370186438e-01,5.143151031137674911e-01,1.390814171137648991e-01,2.909387736421877868e-01,1.191060638751756606e+00,4.971237835907182379e-01,6.020386333111831245e-01,-5.472831749106966681e-01,3.331605889072030147e-01,5.852229037050479116e-02,2.176453817109746391e-01,-4.982694312060988451e-01,5.271255529745929452e-02,1.175221851508861104e-01,9.150942016582762628e-01,1.875651456427266661e-01,-1.085285578887926067e-01,3.186161452400489980e-01,4.020928675661937235e-01,3.699108421920724310e-01,3.985970787631630818e-01,-4.247059056758011319e-01,-2.717138228753320783e-01,4.702731121248402424e-01,2.603240464623644557e-01,5.024663231348462933e-01
2.873946776609528353e-01,1.912890728914649341e-01,-1.632481050687424051e-01,3.420426260503339200e-01,-2.648532907332643571e-01,-1.428379335618323309e-01,5.643831467963892345e-01,-2.074684389655427452e+00,-6.168428491685640919e-02,6.266381030182083256e-01,-2.661742340300975451e-01,6.561759211584029527e-01,-3.805671378434196117e-01,1.681245951862436749e-01,7.165059272324256767e-01,-5.261916573926666424e-02,-8.523496426062517062e-02,7.895614340915944884e-02,-3.120725366403371281e-01,8.184968061889128510e-01,-5.245823418537863825e-01,6.167243663374562951e-03,7.297780991109237281e-01,2.486518076046850823e-01,-4.609101351601639918e-01,4.616025433844673231e-01,3.000196779926471782e-02,-1.447178102285730794e-01,4.280949034843832823e-01,2.837245666314175963e-01,9.517370808303268759e-02,-2.354252315790835159e-01,9.936107909840495855e-01,-3.711470635193261924e-01,-6.621722732211371421e-02,1.573295527289358120e-01,3.194436177773494756e-01,1.729429137597146837e-01,3.129238681152731183e-01,-3.124479654444391463e-01,-3.899576246735237395e-01,3.391853618116583147e-01,2.869934531107573572e-01,2.275257644797409884e-01,6.612292726801050069e-02,-1.526819151158409771e-01,4.238432859797743729e-02,-5.865924707135359295e-01,-9.389175511994547751e-02,8.650066481451244849e-02
4.347172753363721664e-01,-5.187751480359389378e-01,4.384324981260632748e-01,4.935913225206330357e-01,-4.039700846876877471e-01,-9.425570839467851958e-02,9.826196524765476448e-02,-2.037975068080840890e-01,-1.274765085966259370e+00,1.089912449179421677e-01,2.895038476621710766e-01,4.627354158059335809e-01,-5.433307567900581558e-01,1.504168919115623226e-01,2.013831388727878660e-02,3.102422632841377315e-01,-3.268742020018153283e-01,-3.667135538417877205e-01,1.430871317196495407e-01,-4.351558057004131785e-01,5.794112459746525272e-03,-1.786123250686219577e-01,-8.034531868714391845e-01,-5.191551729385893849e-02,-2.734412339751930432e-01,-3.804463313134061331e-02,8.943534140881330419e-02,-1.758337012544294864e-01,-2.372871744012066131e-01,-1.444692908888340066e-01,1.422843158199628144e-01,1.009416053850414330e-01,-1.180261454003345700e-01,-3.825094156934605860e-01,2.528541773337923959e-01,-5.465173689338221896e-01,-5.789918260140382994e-02,4.390998986761239231e-01,-2.080882257819734182e-01,1.604678115083709444e-01,3.332258445877220310e-01,-2.990753247479690513e-01,-8.317117136197496596e-02,4.023221284070299109e-01,2.302802316219210998e-01,-2.575289142061765180e-01,-5.450942599407073569e-02,3.687952543699702934e-01,-1.946653534783826522e-01,-3.912025105757801491e-01
1.132223912196512160e-02,6.333502294231463381e-01,-1.627663169649765096e-01,-1.749455042212392231e-01,2.952372178024027516e-01,-1.767113951539863170e-01,3.059315742420775086e-01,-6.774264633007953673e-01,3.894236471998158144e-02,-1.587757314458394076e+00,-9.631680877665386165e-01,-1.012463001522734940e+00,-1.544267813988197957e-01,-2.896652037838717830e-01,1.123606460848769695e+00,-1.920020100321525591e-01,-6.108771332889419842e-02,1.239207712275077977e+00,-5.358195455173069000e-02,1.291030095040698600e-01,-3.323300006401213591e-01,3.281561212638137714e-01,-1.938195853706498883e-01,6.685961236431365862e-01,4.009985545019970621e-01,1.077298083656283260e-02,-8.544016666177360608e-02,4.678484898576235063e-01,1.042916021843225849e+00,-2.037714728371111620e-03,3.444327007105190130e-01,-5.674966586698932947e-01,-1.968954413472616960e-01,3.459828729744058862e-01,8.011907970598280970e-02,8.779262882676029944e-01,7.405420264022286592e-01,-3.859449652146136334e-01,-3.847853620232327687e-01,-1.518303824140619374e-01,-5.760149886579145617e-01,2.003909977760001127e-01,-1.959420438461330904e-01,-3.268349810824081603e-01,2.773539266476595100e-01,-3.393540026945159049e-02,1.268249220438957547e-01,-2.913728340774033865e-01,6.267134993156359135e-01,-1.443962900296142660e-01
-4.358008793719098106e-01,-3.292394680569714627e-01,-4.379159215827627682e-01,-6.336776442039502300e-01,-2.473444685207201454e-01,-4.713038528138990269e-01,1.434279468608562202e-01,1.936348696888718912e-01,4.222290880340108798e-01,4.897668761472404042e-01,-1.636421239221842239e+00,-3.268710960496829521e-01,1.715275702107744160e-01,-4.582661692457906111e-01,-7.989204194234390821e-02,2.672643298775871368e-01,-7.377963803821963040e-02,7.641669300712786161e-02,-5.362650559564300506e-02,1.016504795546973261e+00,-1.661656444852607217e-01,-4.852696978388490456e-01,8.107603359450459291e-01,-5.141466231063851478e-02,2.227309404887593269e-01,-1.902477787940642373e-01,-9.383840719281260484e-03,-2.148884082188855793e-01,6.020696621165638751e-01,2.476827533223164568e-01,-4.916689503425685226e-01,6.644406480336106924e-02,1.842375650588861935e-01,5.210321708198237811e-01,2.415697098686583333e-01,-1.900377021351414286e-01,-3.519790028814407390e-01,-1.449980165554193012e-01,3.362449995774312028e-01,2.844349748749679940e-01,-2.326780297705142997e-01,1.181515917419712292e+00,-1.267363911714861346e-01,2.723467091463155354e-01,-6.313718351898937875e-02,-5.941545778237623809e-02,7.673470476690141817e-02,-1.838307483402628895e-01,2.183268708586305895e-01,1.391636172285332096e-01
-5.348776252747524662e-01,5.187475191361936577e-01,-1.399050287853119967e-01,-5.694082864351013296e-01,2.691800832608776117e-01,-6.633231175044962402e-01,-7.027534951023969301e-01,1.988766072561399811e-01,-6.950695587907940176e-01,-1.319366661083407333e-01,3.481258624058298223e-01,-2.058301100938888961e+00,3.748857407393657026e-01,6.728772421361233214e-01,1.157802594467929547e+00,-2.311914160530752493e-01,-3.317927205242806044e-01,2.151008959834372625e-01,-1.699772939736067523e-01,-4.526537944145607173e-01,1.410260756960307060e-01,2.273259678349016932e-01,1.717660494774978300e-02,5.866521347576835604e-02,1.130243004789764777e-01,-8.788679916923203272e-02,-6.035332662907616497e-01,1.425312709993605820e-01,1.283122662460695340e-01,1.235796743413165692e-02,-1.575921845173357608e-02,-1.727155309608214839e-01,-4.670833406664849363e-01,-1.279743610625562189e-01,-6.242942491314111830e-01,1.445417056133728173e-01,-1.117207756611206804e-01,-5.830569546204572573e-02,-3.150755865038108450e-01,-5.121151249128650523e-02,3.436430258652089509e-01,2.207149871661160390e-01,-2.367154271753535155e-01,3.245730627216480424e-01,1.435751305189596760e-01,3.773750145270419187e-01,9.819780708566720751e-02,-3.752176237520503110e-01,-2.782339862411665754e-01,2.903713841712236496e-02
3.579426560820013759e-01,4.543767273133313966e-01,8.698947840717318192e-01,2.239586809363664499e-01,-4.587322810655860006e-01,4.756556882156453420e-02,1.707686765620284874e-01,-5.555781689084993147e-01,-3.109445080166367004e-01,3.936680854111088146e-01,-5.154006886189290704e-01,8.158972168101643607e-01,-1.651382772768681839e+00,1.549165512385264620e-01,6.562479253552929714e-01,7.494942992818079963e-01,-2.906034521437804719e-01,5.950155512735653129e-01,6.971747085029049718e-01,-3.648960796206735524e-01,-3.965002992545970106e-01,4.804237575779492925e-02,-6.870111702003892651e-01,2.621485906047071879e-01,4.032328224902567704e-02,2.938194384099098166e-01,-5.882127521291924399e-02,-8.336509619764550516e-01,-4.475188438992196427e-01,1.114840038603840539e-01,-1.122988605170780252e+00,6.808760274347279429e-02,8.350999535603714774e-01,-3.683320734639594640e-01,1.818364874180046220e-01,1.756494957373347654e-01,7.858483293712981155e-01,7.629919587270866943e-01,1.705174593639121161e+00,1.786286778657616703e-01,5.285885265990478699e-01,-3.903202284756193685e-01,3.796463862029698100e-01,-2.878857328271845484e-01,3.109477396093547341e-01,-1.951860308622217488e-01,1.105477147300333085e+00,3.829223454461160858e-01,1.022583510076414015e+00,-7.455583680447467332e-01
-7.261959228998978756e-03,-2.711459712674829312e-02,1.627876979399969226e-01,-1.060385269792642332e-01,8.033398597463554669e-01,-7.813756893164898187e-01,5.717702178299987059e-01,-1.395821622697240305e-01,-1.868485772802895850e-01,1.398829449577941308e-01,2.363680161756661624e-01,4.586914056248249105e-01,1.877418150616868009e-01,-2.011504283129907922e+00,-2.627902181864991693e-01,-2.710631341650346915e-01,-6.017396875995805194e-01,-1.006248347861571579e+00,-9.040188030432190214e-01,-3.650479252948037878e-01,-1.535380179546202983e-01,-3.196958443786142579e-01,-3.867080917407717533e-01,4.829691881565843503e-01,-1.720820068582183116e-01,-2.011995995931633863e-01,-1.779730935876395193e-01,-1.995021760972271740e-01,-2.681865306523839587e-01,1.659238397190745673e-01,6.197216679537248529e-01,1.241783201680560361e-01,2.811387843284708365e-01,-4.394331651731429034e-01,2.047796151380480989e-01,-3.602918228548983581e-01,-1.176001162353385865e-01,4.257439757238429823e-01,-3.305578352284148647e-01,-6.708138543614140525e-01,-6.837823041409972769e-01,3.515938935397248666e-01,-1.771772322280130152e-01,-5.408985178827784013e-02,5.149698699804736712e-01,-4.676257703937274912e-01,-2.478864801388502570e-01,1.820037418036018761e-01,4.900960850861952323e-01,1.247906780269513183e-01
9.775119110593115390e-02,-4.968532450536678469e-01,5.001802313793470844e-01,-1.672231601995153027e-01,6.197924102528921120e-01,5.971793337629880405e-01,-8.653856582804970998e-02,-5.886617072303840237e-02,7.565206685978483891e-01,5.607236529372698897e-01,-2.690826458043814040e-01,6.903601927437043317e-02,-9.168858120070208506e-02,3.182589458922613912e-01,-1.742057601592278626e+00,3.183825452635642983e-01,-6.175368146979464540e-02,-1.987419444004784042e-01,3.153454434571758558e-01,-4.926107938139432513e-02,4.112879171570058001e-01,3.385414059882456694e-01,1.497010193246615384e-01,2.024152998878816501e-01,-9.660151032075290356e-01,5.239379564419711643e-01,-3.625363831977669871e-01,-1.067529451056288686e-01,-8.654392277184942694e-02,-5.440385517643666624e-01,5.906370735567154640e-01,5.241171119445567905e-01,8.194673085224241094e-01,-7.583164014611432080e-01,3.560387670969995116e-02,-4.961704162449006444e-02,-4.796911544321149079e-01,5.114150635965410974e-01,4.195857112545366419e-01,1.079572970741317361e-01,-5.536420385732800931e-01,-1.047869959407994045e-01,-2.886270810654883445e-01,-4.896481166772213567e-01,1.686771080728089178e-01,-2.305217163272508807e-01,-9.086732588049616088e-02,6.389015901041262824e-01,1.083404657357524697e-01,-1.166901872774559756e-01
-4.161108959279743447e-01,-1.015555279114271486e-01,2.024247451884832738e-01,-1.213370937173066794e-01,5.562883599118959715e-02,-4.548543030463328973e-01,-2.516714872668778802e-01,-3.216430773964005230e-01,1.108446254677850212e-01,-3.283203909903932294e-01,2.464319021758610839e-01,-3.332003959530823178e-01,-2.411540892117549906e-01,6.174078858305089845e-01,-5.083612317497081534e-01,-1.458205365890529182e+00,-1.335814786611876082e-01,6.482279168040128159e-02,-2.828439280729133296e-02,-4.836516066784817269e-01,-5.496458174068487024e-01,1.628670323291033506e-01,5.322171761097410636e-01,5.012852218923533609e-01,-2.581142767846230091e-01,2.373199443205457337e-01,-2.493162186000244251e-01,3.455912085718821913e-01,6.198832982384602230e-01,-5.773038701061857791e-01,2.274882163166306870e-01,4.479667926181374327e-01,4.922691531252311736e-01,-5.031274768987080703e-01,1.673398409451312130e-01,-5.476843129340357857e-02,3.982760039129406571e-01,-1.546851843878892518e-01,-2.625643414524848618e-01,3.788389540331372207e-01,-2.064826921212574995e-01,2.133176430977033189e-01,5.045775831096653841e-01,-8.322370571335581391e-02,-5.667755886088906257e-03,1.650171932744783354e-01,-1.308770866231893371e-01,1.339728656840413756e-01,1.473170569919867445e-01,-3.553496853254249910e-01
-7.253264508879072592e-01,-5.891944004434926940e-01,-6.799050488603233244e-01,-1.859931171409250905e-01,-1.823199661349389836e-02,8.576888736001205826e-01,4.310589682258424149e-02,5.544106214266256855e-02,3.594128949732843248e-01,7.258786022194986531e-02,-2.908885823572820994e-01,1.481078881217636201e-01,-2.240297563074861512e-02,8.728794421272181858e-02,3.899536366558885581e-01,-4.688431783559536825e-01,-1.496358554720730538e+00,1.392398169912971717e-01,1.849041230365672250e-01,1.176413891762836672e-01,-1.416810825473008642e-02,-2.327146187750144535e-01,6.919399380888748841e-01,1.892169374791529968e-01,2.339616495228328263e-01,4.653866123706550950e-01,3.517770166510945651e-01,-3.873791769723239908e-01,4.462257214016447926e-01,-2.960383598516044476e-02,-4.367642869090749280e-01,-2.075068007941172632e-01,-2.594026291391796080e-01,2.345821969172769972e-01,2.507104638326911397e-02,-1.230203207494993539e-01,5.214868616870815127e-02,5.339986267550725918e-01,7.638230934495347790e-02,2.532909009644629394e-01,-4.631243307975419637e-02,-6.605595491941436415e-02,2.167699046507355620e-01,-2.757618563880758211e-01,-2.596744396228420088e-03,-5.653874333244960360e-01,3.068007852657730905e-01,-4.045465328474141531e-01,-2.441733477005008923e-01,2.118017561469281995e-01
-1.692227441663018139e-01,-8.129315772490769421e-01,-2.200941203238184207e-01,-6.106171409161558622e-02,2.459718787620628067e-01,2.232565269585631285e-01,-2.383395656652725625e-01,1.034215565090415012e+00,1.144212921232853786e+00,2.653969354306259798e-01,8.151299575418275989e-01,4.818557664145438624e-01,-1.371606676098379995e-01,-4.035918006706102901e-01,-9.080307158930319700e-01,-1.237275365775675900e-01,5.621961237430375125e-01,-2.363995284447701462e+00,1.391994840518707109e-02,1.042442830980304935e-01,-5.135869653675716462e-01,7.172924669582517732e-01,6.332487051776796161e-01,-3.495207434355740439e-02,-3.888685890912482179e-01,-1.834517317551206672e-01,3.008573257923268796e-01,-1.259692905722414324e-01,4.984782387774162049e-01,5.504463573452127445e-01,-3.177193713624124061e-02,3.447085665988969816e-01,-3.144387087094062116e-01,2.446764353151555660e-01,-3.490341896667104038e-01,1.098687542293951686e-02,-7.340662508045143753e-01,1.527699208828661170e-01,6.989919333942883339e-01,-3.240088918263162726e-02,1.473993545273520611e-01,1.671609269128514763e-01,-1.390245163422262620e-01,-9.550764285300870904e-02,8.578241198162976922e-01,3.794219940332629326e-01,-4.711969944061377147e-01,8.063233825038418345e-02,-7.356623217795922320e-01,-1.480850589238772719e-01
1.528330570559038315e-01,-4.188502348223686889e-02,-4.147219353615581167e-02,1.543037751684799286e-01,1.019261176876578856e-01,-8.836754856722903173e-02,-7.203301667990753832e-02,-6.149323360800118543e-02,2.770581497230902544e-03,2.194296921588975990e-01,-1.054595038662633905e-01,1.863203599544891453e-01,2.646562614324120544e-01,-2.153481646402141403e-01,-1.219730941866574714e-01,7.415051325947442408e-03,2.451463658063282036e-01,-1.730159804064649587e-01,-6.318373633639876585e-01,3.058836999090134845e-01,-6.192820443476545339e-02,4.761915661005557410e-01,5.378197452720784311e-01,2.825313166291281916e-02,2.450150152086864597e-01,-2.709105851930749265e-01,-3.386897095315423156e-01,-4.178643790750243697e-02,-8.266195683837348346e-03,5.869791385899303382e-01,-9.199783815610170987e-03,1.218406392220377013e-02,3.243665638046389077e-01,6.416869282817992681e-02,-7.620258728221521172e-02,2.153569032378269410e-01,-8.035035813292348839e-02,2.765399828492677847e-01,4.906375033326441093e-01,-1.891218588447081059e-02,6.459152422783949465e-02,-2.277791677231682244e-01,-1.266459869348228184e-01,1.100820398594766145e-02,2.702000486199342411e-01,-1.020190407243140168e-01,-7.660759400993512325e-02,-1.546532663190171991e-02,6.500223273956629022e-02,1.182585916179092894e-01
-3.704861087188709989e-01,5.777890097829959659e-01,-2.558484817910900988e-01,-3.582840041531139552e-01,7.818747482215304689e-01,-1.020267858563823349e-01,8.033470187787572492e-02,-3.073140671839289517e-01,6.525592906789481340e-01,-4.102796797127967743e-01,-1.056221351527713848e-01,-4.508502940867042952e-01,9.493996123682664490e-02,-3.112777955275884342e-02,-1.231350833531844741e-01,-2.345921943278521035e-02,-8.612487811401750570e-02,-6.711283537889951578e-01,-2.857809567936224759e-01,-1.769106948824843428e+00,-1.789962943519890770e-01,-3.388264308366261135e-01,-6.272899287945187252e-01,6.848377547495144713e-01,-5.432552202548767140e-01,-3.674472036714924311e-02,-4.686819084156805815e-01,-8.170357195701575259e-01,-5.758396544676294138e-01,1.045574640313063491e-01,-3.727699044585323085e-01,1.761726295128049347e-01,3.400991206021037327e-01,-6.156851425475075995e-02,-6.523079430335758655e-01,9.605119516936648782e-01,-1.208054805975937313e-01,-3.107459200774391195e-01,5.551683949855396039e-01,-1.726234884793205471e-01,-1.083808893155154274e-01,1.766581256994806670e-01,-3.334526893412264464e-02,8.661402262624867676e-01,6.280824852398405600e-01,2.083695239200948901e-01,-7.449146522831143757e-01,7.530905983871796217e-01,-5.750617365260462382e-02,9.558107879993928135e-02
-8.457695443719126516e-01,-2.788106442607363178e-01,4.897472560828450838e-01,-8.127248403557442158e-01,1.461550297678888277e-01,-4.345379236223001485e-01,3.840077509248450149e-01,-1.622191755432335625e-01,-9.926551602804617458e-02,-8.758070767870668183e-02,5.181334180585046578e-01,6.459662109175678957e-02,-5.355176852376093422e-01,-7.025816197134711061e-01,-5.228227601630253130e-01,4.423284832737794381e-01,-3.292503164278677286e-01,7.371235968746868428e-02,-7.278433234966352749e-02,-1.822186429865796931e-01,-2.276246181113609879e+00,-1.245967408284019140e-01,-1.136250529111847207e+00,2.700807974256851374e-01,8.849026826918977573e-01,-1.601130327959731647e-01,-3.148287660906746166e-01,1.016350089896421505e+00,1.008154656760792273e-01,-6.615002851207951728e-01,8.674553085287023402e-01,-9.046420229174588767e-01,-1.475501489762874596e-01,-3.454768812615033324e-01,-4.953878970722103703e-01,2.176885686040891735e-02,3.491940437480818837e-01,4.190049407952894933e-02,-5.298201277507950113e-01,-1.575810506298396474e+00,1.937265820463242999e-02,1.846179870250983512e-01,5.918025517452444317e-01,-1.026950666230263542e-01,-3.177497965221141030e-01,5.951748885833634262e-01,-5.626296726621194955e-01,-3.560337216097344548e-01,-3.139828851947036314e-01,6.374029464943217760e-02
-1.267026432766443333e+00,-5.145775739225415535e-01,7.120373687234662352e-01,4.257564639358356606e-01,-3.803458110900520550e-01,6.168817447561784212e-02,-3.869505959394830552e-01,-1.861933376223310899e-01,-5.524864287051052258e-01,-3.419647014099460591e-01,-1.074195014586216412e-01,5.805429468647913538e-01,2.415939257861334233e-01,1.024338291917723520e+00,-4.439012616569791847e-01,4.059213089548615594e-01,1.280664829050232045e+00,5.804165753619151547e-01,-3.540894898642334421e-01,-5.440536106287501700e-02,3.557738179390458610e-02,-2.817752375177265289e+00,-7.550765520931735919e-01,1.021009804998289777e-01,-1.359800826457247258e-01,-2.293591414228767986e-02,2.093748148298216760e-01,9.105709854537947789e-01,-3.865587454894557906e-01,-1.908728284564882027e-01,3.479847986626216638e-02,-8.523310697199435459e-01,-8.096311039582365643e-02,3.367498449735640831e-01,-2.761265395796067557e-01,3.560537625603454881e-01,9.729141388470884111e-02,-7.957394170604198402e-02,2.731313238158528459e-02,6.360029621581632098e-01,-1.334931414663812488e-01,5.541988412095188998e-01,7.768604508970115841e-02,-4.228729860661678552e-01,-1.321106262402118370e+00,-4.692980029316512480e-01,-5.767585123333594799e-02,-8.072559679482289585e-01,1.473206007384429694e-01,5.927152278100595861e-01
-1.569111997344325160e-01,3.340735319299691364e-01,1.663692194051792361e-01,1.926306281537469300e-01,3.430463186818628885e-02,-2.738247062380063102e-01,-3.502836581507504793e-02,4.399579683885150583e-02,-2.118147141592875149e-01,2.011324617527049941e-01,5.488073070108424600e-01,-3.228165555977355328e-01,1.008803129133721277e-01,-1.365488381501355208e-01,6.231396583750234974e-01,-1.931621215524585988e-01,-2.933225216294171878e-01,1.713263148014233794e-01,1.692973426031691986e-01,-3.288147144019690771e-01,-3.206229763653866693e-01,4.171183225934496641e-01,-1.775022651274207552e+00,-1.936337385983393777e-01,9.408316334462917263e-01,-5.835984891778142614e-02,4.377860061964705674e-01,4.058860512091238548e-01,-5.955454693603080552e-01,-3.281232319698991207e-01,-2.399918125019244730e-01,1.553914252866843990e-03,-4.680473569405191880e-01,8.628157495448644798e-02,-6.095668424208697256e-02,1.685955133987101506e-01,2.273738950913643808e-01,4.885637033564235732e-01,-1.957944080998625658e-01,-4.996067662937234144e-01,-6.088501765180367453e-01,1.272421568413430459e-01,6.522078210006756471e-01,-1.441837882105486690e-01,-3.220748669071748504e-01,2.230188487947487586e-01,-2.206309444308978199e-02,2.662391370104107424e-01,5.206337693725602289e-01,1.334963195918352219e-01
2.258812708760299937e-01,6.977611265077593439e-01,-5.822063234983468893e-01,-9.368129747322578860e-01,3.229223963390664420e-01,6.227764642904006775e-01,-5.987957648270235689e-01,-6.207985744296991015e-01,9.557351141786613047e-01,1.007265389486583368e-01,9.644629972618274927e-01,-1.560802521208581872e-01,5.378444026131894845e-02,1.380098330970537246e-01,-7.389771017745767612e-01,-6.183070357592197475e-01,-8.587676517018359990e-01,6.953611471814125089e-01,6.311214649429388590e-01,-3.463603804498569527e-01,-5.224528662995074901e-01,5.200707985345150997e-01,7.431791663139865056e-01,-2.051754949480209866e+00,-1.498512847696440997e-01,-8.313595738896004117e-02,6.448016284547504196e-01,8.167036413441695064e-01,-3.617023804150407140e-01,3.848905842942321742e-01,4.428617810213114625e-01,-2.391458454238474252e-01,-1.170327430757540421e+00,4.578329429102457326e-01,1.686875619585051778e-01,-4.085319585798564135e-01,5.331397459366400415e-01,-8.680732488544575798e-01,-1.124179874460694839e-01,6.848771802110027451e-01,-1.617654084335208298e-01,3.264185423851370116e-01,7.399610095775854823e-01,-3.631219673259021286e-01,2.977187487686613898e-01,-2.814916423092830300e-01,4.432289901334516280e-01,3.741062694798661381e-01,4.722984152052112639e-01,-3.682572135780472211e-02
1.514582664149113911e-01,-6.023927910629558839e-03,6.264865467639043617e-01,1.806823423797848938e-01,-1.028390625046130269e-01,2.131608651282906886e-02,1.850088433414544264e-01,-4.406894798147661940e-02,1.720402943503123935e-02,1.011878502579115074e-01,2.039371643414288338e-01,2.454481415012616796e-01,3.155642528017753995e-02,-1.478747966546576920e-01,-6.699468026353494476e-01,2.473302238384885166e-01,2.603386029619380593e-01,-1.535315076263774337e-01,2.542210078484701263e-01,-1.453910112139748523e-01,4.477135852223987356e-01,-6.535683309798921703e-02,-2.180626297339444131e-01,5.249210144841294501e-02,-1.560751589294945951e+00,-4.552732054581700716e-01,-1.907374058269855899e-01,4.572224009590692972e-01,2.589066332470028042e-01,1.009666583501031417e-01,1.223882794957254078e-01,-1.019033451506116267e-01,-7.261077836015368547e-02,-4.089686573342327658e-01,5.990471924703004714e-01,1.238608239830656654e-01,-5.050981416867360296e-02,-3.898745035927900227e-01,-1.336075820922943691e-01,2.706256742467341159e-01,-2.202462987248287318e-01,4.938867933259601939e-01,-3.581634764028507334e-01,1.984535713227816300e-01,6.939467120416088763e-02,2.876135778481913596e-01,-6.716990046976856199e-01,1.840112382672168534e-01,1.338652713582779985e-01,-2.538032378103395326e-01
-1.498670586397825577e-01,-1.321044360274933535e-03,2.563455771982462994e-01,-1.417803821083294391e-01,1.768067781434309038e-01,-7.473596078588435887e-01,1.626573062696368421e-01,1.469156764304170582e-01,6.783924006125183204e-02,-6.679135877073281158e-01,8.221386441132150225e-02,-4.143519911478629192e-01,3.764878497082288500e-01,3.417791789116049750e-01,3.623976716186073227e-02,-7.738011797498274280e-01,-1.183729360720312401e-01,-5.393179810899719449e-03,2.573941663790707546e-01,-1.251572709268887529e+00,-1.189593656092591933e+00,-5.052359990797672396e-01,-5.753520141068300953e-02,2.180990793394864125e-01,-5.285816543674031198e-01,-1.846477712615251177e+00,2.656481017164453728e-01,3.873395913209935586e-03,2.337450345269788399e-01,-8.222311198632707985e-01,1.099843284472610573e-02,-3.357651634092793103e-01,1.035679092606662799e+00,7.277365052122380940e-01,-7.602906839722878285e-02,-3.143834867263472499e-01,-2.686059335792205238e-01,2.161560362876379093e-01,7.458963059661709305e-02,-2.818686328005780561e-01,2.837717381762585797e-02,-5.612951825886001167e-01,4.552426182855000003e-01,-1.283340035772939647e-01,3.551145729846701959e-01,4.627755005127951460e-01,5.000616628825140797e-01,1.825456801267587581e-01,-6.164150915862944835e-01,-1.107138235322902703e-01
4.244612738790722317e-01,1.679821300608930756e-01,-3.030990729404137718e-01,-5.075126372879794345e-02,3.207132315210496631e-02,-6.407642225079528131e-02,-1.810335751430503515e-01,8.218513097517225752e-02,1.985471980806949865e-01,4.814204181946569738e-01,2.848462190922412263e-01,2.710967727946019812e-01,2.479375625074785872e-01,-1.483715757121140122e-01,3.500512548723187511e-01,-5.395262744946367761e-02,4.429434455761609157e-02,2.132341775923516092e-01,-1.203262672372323733e-01,-2.782520877775801482e-01,6.252788328730948253e-01,-1.358845192038761474e-01,2.679806484687207169e-01,1.375531864322425135e-01,1.373829194787999641e-02,-2.883610909421716051e-01,-8.901100918672957274e-01,4.187007846412523632e-02,-3.869119798282250750e-02,-9.353992102526577368e-02,-1.366163945078557040e-01,-2.361137480166682345e-01,-1.965675799618816499e-01,-2.498991771804382270e-02,2.349880701639260328e-01,-6.053765987009463584e-02,6.726066030453214939e-02,-1.759630235405914289e-01,-1.043305381364578593e-01,7.045768045844594818e-01,-4.174894540226216089e-01,4.127336421794979837e-01,2.362009899265754831e-01,-1.033592317856849435e-01,7.321371116900523245e-03,-2.742986214850870463e-01,-1.837425411650155938e-01,1.978703080036644801e-01,-2.267022202846069867e-01,-2.041856663293553920e-01
4.474003737618703069e-01,4.818381435447621070e-02,2.496944909746492691e-01,7.800478501454717606e-02,-5.937423136571705617e-01,5.232602114350902722e-01,-4.539249255253587079e-02,4.495735148704582129e-01,-8.856544339268528077e-02,-4.207711101872466664e-01,-3.110165216676980537e-01,-1.251007443340976799e-01,8.331692403683341880e-03,2.347374143620778453e-01,3.182130140175403743e-01,6.017971756414374207e-01,3.829751900626062744e-01,-2.956581927213057792e-01,1.834669027982250011e-01,5.374693510481750452e-02,1.535860913377481429e-01,2.655345302916559680e-01,6.244802586747087991e-01,-4.245639834292249670e-01,8.503487362345782952e-01,3.392964816624723934e-01,4.816936468056589038e-01,-1.924693068684845798e+00,-5.501909577499737303e-01,-3.898365809400985982e-01,9.615082836691596357e-02,3.722538979669436088e-02,-2.545695916547778270e-01,5.172723088865921470e-01,-4.797998868006371764e-01,-5.811037746183315145e-01,6.433785779768874669e-02,3.734240272809823125e-02,2.989199084305027565e-01,-2.634785683662739242e-01,9.909976457372222658e-01,-7.616340059803088786e-03,-7.476364561261811259e-02,-1.513551882814123846e-02,9.350849416877485276e-02,1.239209271815910757e-01,1.065574225620468662e-01,2.317217219773596015e-01,5.730554123255209298e-01,2.239235566444110204e-01
5.935851940444456520e-01,1.769419857784889638e-01,5.564428384268598204e-01,-1.791943674270771725e-01,1.782727510762504575e-01,2.535779900211954097e-01,4.117740012288685914e-01,-5.105080141225961654e-01,-6.627281316922664089e-01,4.059153541875366589e-01,-3.589724199505991420e-01,-1.610001694413391027e-01,2.139841117699085582e-01,-9.504903370233781443e-03,-3.447714770495004938e-02,1.484499008696583411e-01,-1.397850144745440282e-01,1.265660350010899271e-01,3.649735171285199004e-02,3.366750838419814151e-01,1.664056038276280347e-01,3.744176798837084985e-01,-8.758392455222520356e-02,-4.004234190660357906e-01,-7.001091642550400992e-04,-4.817805975577928446e-01,6.343828830713629241e-01,1.145192320180930118e-01,-1.601921612478799606e+00,-3.230996764912655861e-01,5.573180623461573280e-01,-6.037496043550624192e-01,-1.528097428182775552e-01,4.010140565361765552e-01,-2.342599347241502428e-01,-8.211973343003133030e-02,4.521231415636722262e-01,3.333895506103438933e-02,-1.910204631750152260e-02,2.997903820629809202e-01,2.229162105154699203e-01,-6.833811472490135541e-01,4.664808787316073735e-01,2.296278440171599378e-01,1.013289659270688314e-01,-6.379830536097158555e-01,3.000288199710430051e-02,3.381809409921852638e-01,5.088650258798130821e-01,2.969017936570603200e-01
-1.238881845538760962e-01,2.075281960447737661e-02,1.073601813710331060e-01,5.457567664327868107e-01,1.483367920913767068e-01,-2.625910471263329105e-01,-3.130028970265880117e-01,3.262921273574934111e-01,5.860637924116290920e-02,1.656884043861229228e-01,3.659272039161489687e-01,1.631044299378105189e-01,-4.096230429987981481e-01,6.735846605422054489e-01,1.167688119134910607e-01,-7.772396404658195312e-02,1.463617861143629018e-01,1.510945682369614629e-01,7.232176253274119615e-02,-8.163423880902744012e-02,-3.320961180209109909e-01,-1.800259394834899038e-02,-3.430177067144553060e-01,2.736000421799203997e-01,-2.763645867145270163e-01,1.288002536434068590e-01,8.040804799842924885e-03,1.502231664125972255e-01,5.487027698599130643e-01,-1.132068346199111453e+00,-2.276158650518520510e-01,4.984305489378274001e-01,3.014701083238020551e-01,-2.613651989710565893e-01,2.838217359738507972e-01,-2.164905137435596261e-01,-3.050604448388489764e-01,6.221197858692628646e-01,-3.319644337676946888e-01,-1.477475953011607168e-01,-1.802455186536805476e-01,-2.277249726313184952e-01,5.292244083727759563e-01,4.378045969587873038e-02,8.850877421298455894e-02,8.053510493562632266e-02,2.988923496017824658e-02,-1.537758766212357631e-01,6.957899219059948681e-02,-1.006484806586231268e-01
1.932736529796339198e-01,-9.986964792231244059e-02,2.968990011884713454e-01,3.204027904408922045e-01,8.017070340644169013e-01,-3.998480903950929477e-02,-2.711007916968492977e-03,5.858309591443081610e-01,1.006073337436708126e-01,9.670169768329706095e-02,-5.312580218889906281e-01,-5.981624545546724292e-01,-3.176785836611954045e-02,-3.800855535910259708e-01,1.754396314317862027e-01,4.448636170782934718e-01,-8.384542847617987293e-01,-9.560900670468095441e-01,-1.542209004035253461e-01,3.347700001325672192e-02,-3.337358163833300528e-01,-2.580755297426140862e-02,-1.245704406639135293e-02,-2.638159478098364152e-01,1.424913133084579342e-01,-7.933167480726517617e-02,-1.513230761700707638e-01,3.726917072048530621e-01,-5.352565537855461519e-01,1.374422051646345400e-01,-1.603458753897060829e+00,1.065691522607926434e+00,3.978515197394517089e-01,6.570780232473258931e-01,6.339950582749074304e-01,4.242515505599626091e-01,-2.375110881819512132e-01,6.634929935707824071e-03,-7.528846671640503363e-01,6.343024056371696640e-01,-6.946556532268428619e-01,-2.611501020659308114e-01,-4.947471188003922382e-01,7.832745688707020149e-01,-5.518655917601582583e-01,-4.633239735612993959e-01,2.061360709119013923e-01,2.094439853017842357e-01,1.595976310378374383e-02,2.632413802182639317e-01
2.919254516820495304e-01,-3.814823550811929226e-02,-3.970101005922933024e-01,-1.317772472440135734e-01,2.748959941848087007e-01,7.874232278066811697e-01,-4.092000463473836613e-01,6.905014461912429846e-01,-4.497802797331660885e-01,3.312726300586144035e-01,1.086701800194748574e-01,-6.469961347585154732e-01,-8.737756681351473154e-02,-9.719846174910281578e-01,-1.028836189002841905e-01,-3.919085144046264291e-01,-5.943334160987829851e-01,-3.495932511603817572e-01,2.037780204546787155e-01,-7.691107328664089637e-01,6.066999935875308503e-02,1.409779551184587310e-01,9.210901380183540432e-01,1.222496722658777402e-01,-2.254421761283474657e-01,-3.457464329038461570e-01,-9.022292452542443608e-02,-9.953045516939180992e-02,1.332399094320978472e-01,4.770835472076106476e-01,1.501173946278206717e-01,-1.946604912136765231e+00,1.635930501078837196e-01,3.466443003131317036e-01,-2.276803490114562845e-01,-1.749755568628261204e-01,-6.149887748655838982e-01,2.773467224597274128e-01,3.824623277955037093e-01,6.912068316461104089e-01,-1.127267619146104238e-01,-5.182396133794924253e-01,-4.148487637443685760e-01,-4.267133507390454689e-02,2.298721209243571872e-01,6.088372521150980932e-01,-7.306063674826941412e-01,-3.283152961621818022e-01,-5.647973139889631566e-01,3.870306876082356684e-01
-1.429452853514609489e-01,-2.570927073651312345e-01,2.374799924584072852e-01,-7.497341994161107470e-01,-6.832025950341336085e-01,3.319403303636886404e-01,-1.636547137045597233e-01,-5.552425586637602661e-01,-3.794153286201950581e-01,4.300059377237407943e-01,-2.122192167250030459e-01,-5.275577793228285461e-01,3.944534987651573260e-02,5.465453436505783857e-01,1.658843803930422703e-02,1.304356820012852469e-01,4.154726310486056562e-02,-7.053361198937095622e-02,-3.325293866197457371e-01,2.633763556612647161e-01,3.227159225662732389e-01,-1.471583604951070545e-01,-2.464396369549189669e-01,-7.929927651577968473e-02,3.574395751388820819e-01,-3.786700467397399184e-01,2.352717630691922024e-01,-6.086163000393551153e-02,-4.963033118786421283e-01,-2.491869741526245297e-01,4.007315066368494910e-02,3.825194505300159031e-01,-1.603481011820559132e+00,2.061260019367200658e-01,1.195103199286010887e-01,-1.020234196573688162e-01,1.835859232398657365e-02,-4.303622202164179011e-01,-1.065423239804999533e-01,-7.129514463065382834e-01,2.650648446122750856e-01,6.264374505123738723e-01,8.900886660588699373e-01,8.786119602110592508e-01,3.350515630748290286e-01,-9.916585232511277992e-01,2.971763055373517481e-01,1.170218355477699174e-01,-4.520933094177371769e-01,-2.574103065048121697e-01
-3.858860022081933017e-01,7.497114105367999048e-01,-1.670715424823255024e-01,-5.468634523154740634e-01,-3.891725416443087560e-01,2.480827863572515057e-01,-9.475184364829100092e-01,5.693710601745215205e-02,5.869211858263319037e-01,8.494191463550411214e-01,-6.216167141721827827e-01,-5.012062592397116267e-01,-6.854778384719448781e-01,7.241672608571448899e-01,3.475253554784302756e-01,-7.775357273225230736e-02,2.911165180546886888e-01,-1.881337927629200477e-02,-7.133065511581248019e-01,-1.188108893528545471e-02,-2.088781222472997079e-01,8.004961878503515094e-02,8.154437816652424509e-01,4.936968684157235221e-01,-1.259375424835815563e-02,1.129543342572866704e+00,-4.466203170290641844e-01,-8.685045116995081249e-02,5.495408472670568756e-01,5.332931038859923811e-01,3.333923179039331719e-02,-9.208471464679424123e-01,-2.560817392816179885e-02,-1.378324404753438204e+00,-4.132666088379062796e-01,-7.628102917422249218e-01,3.452498395304530732e-01,4.182028707676573864e-01,4.791239570967651407e-01,4.352418359189034192e-01,-1.571943954828941559e-01,9.694736893384826582e-01,-1.477882078686463818e-01,-7.992679478602562337e-01,-1.252584514072382915e-01,-7.689530083463543830e-01,5.109501188951143247e-01,7.479299500404447409e-02,2.923686841251935120e-01,2.281668630828687927e-01
-7.888674565955225981e-01,4.882265121541419783e-01,-8.376136970442758789e-02,-7.780292903780113845e-01,2.024568714043131767e-01,-3.561113747980015898e-01,1.169540896870640695e-01,4.223698774337939638e-02,-2.573605023968961875e-03,-3.768390720816667261e-01,1.707115136413538403e-01,-1.881077603367288797e-01,-7.571394038363293832e-01,6.149930667069745116e-01,4.900276101472322288e-01,-1.258586531690770283e+00,-8.481717173887058647e-02,3.196551261593605919e-01,3.894759376233600801e-01,-2.989036761651558405e-01,6.250877536925029780e-03,-8.448507004800863696e-01,-7.412193559251867292e-01,-2.707392381576144147e-01,-1.291291352917054436e-01,1.987330173660668275e-01,2.040073078144142571e-01,1.084584822156066247e-01,-1.223893334439730474e+00,-9.304743179773425354e-02,-3.756904505802062810e-01,-5.305627983702716488e-01,-1.374226771760905241e-01,-1.561429159363962038e-01,-2.413963255654514750e+00,-5.089553714087980962e-01,1.098366995953526520e-01,7.354309852941952608e-01,3.462428290152730903e-01,-5.450995886512128852e-01,7.627949854220757997e-01,-3.337899233284059158e-02,-5.644611786979227830e-01,8.160714374059814535e-02,-3.140797167365436682e-01,-5.288040324950984417e-01,-6.836657589926659062e-02,-8.194166070725095175e-01,-3.856155234554499156e-01,-1.118463602488623532e-01
-2.880755517252354125e-01,-6.734282608404856818e-02,1.011086594159989471e-01,-4.493107917270670049e-01,1.776591328714057227e-01,4.815839659920552185e-01,6.082238590893944245e-03,-7.468992462377745112e-02,2.849515736526114784e-01,8.703366626183287047e-02,-4.961802896759705539e-01,1.724599872009060023e-02,7.761767143073714514e-01,6.089527243938611667e-01,5.471342619010101105e-01,-8.987780131456539479e-02,1.341176871287114436e-01,5.892600048474286867e-01,-1.369809785760746079e-01,1.675528099086120715e-01,1.514075330059577035e-02,2.439567907858709306e-01,2.171846903532518303e-01,-2.061564572975990162e-01,-3.559302745017017822e-02,-8.064369719876630579e-03,6.672612646281645965e-01,7.211207198830948961e-03,1.214930706370855908e-02,4.386516046492203724e-01,1.955530069074727650e-01,1.715986405347708355e-01,4.568202225776875625e-01,6.060692274289726234e-01,-2.177566020217202580e-01,-1.669487759721767661e+00,-1.848881751071564106e-01,5.166902742042175922e-02,1.735187255328289879e-01,5.230171405068526624e-01,7.318735340491593355e-01,1.396605396656451226e-01,-1.008714919335068072e-01,-3.667435704095379778e-01,1.011257011990908811e-01,-4.434739162885145691e-01,1.000062293288131732e-01,6.361818473637956828e-01,4.195133710662529714e-02,4.229232371678784408e-01
-9.645178427738795857e-02,-9.563225913498389630e-02,6.257394429078928511e-01,-1.605692441550644334e-01,6.578450020157586842e-01,2.570045955765400403e-01,7.252939273249615904e-02,4.800112338650904253e-01,4.262838136544918055e-01,2.687314849302315234e-01,-1.919412323485131799e-01,4.941672620016807627e-01,5.300839384619140948e-02,1.571834185411447038e-01,-3.458556909718794592e-01,-8.526990640483471731e-03,-3.304373360320425057e-01,-3.426091676125173069e-01,7.090021163953817707e-02,3.514246338666395658e-02,3.435980459255637554e-01,-1.304582173980264881e-01,2.170788996390798226e-02,6.333575282270568207e-01,1.631592352112927469e-01,-4.860363445702068352e-01,-4.164176261396071443e-01,4.575091099988374821e-01,3.696422623847838151e-01,1.119410726232866748e-01,4.436417963478444526e-01,1.518849864406820460e-01,3.426992593815424981e-01,-3.615755026600662309e-02,6.582126545499404902e-01,-8.680531053918047468e-02,-1.194553506526872200e+00,3.151923331546167550e-01,5.203637144749565513e-01,7.402706019783013014e-01,6.445730048576091276e-03,4.237554378433101010e-01,1.644039022941811423e-01,-3.239153432102527819e-01,2.286151258612303117e-01,5.810976175334681137e-01,3.462365575239531590e-01,1.807130203398164270e-01,-4.433270830227090120e-01,3.301341591684089916e-01
4.454929382549940864e-01,1.597152869629505367e-01,4.369696436121140448e-01,4.012043254805071624e-01,3.691812730779249763e-01,1.656393415769324973e-01,-6.884721991918782424e-02,-5.026374804723573453e-01,1.262238119996756114e-01,2.052395761524573314e-01,1.038627822219605257e+00,7.096001157961472350e-01,3.364848434965203583e-01,-1.176643515311232568e-01,-4.842477268307354699e-01,2.967755909755190324e-01,4.288635226217774044e-01,4.195061906163468080e-01,-3.150395937180553996e-01,2.662522842741774087e-01,1.690220349482912388e-01,1.851542538411547201e-01,1.984289040079995625e-01,-8.478927269954181223e-02,-2.228089753063634548e-01,2.264038163424229033e-01,-7.812978517243717169e-01,7.499804761415774790e-01,-3.116102848714964457e-01,4.234147620789682764e-01,2.698596723666218250e-02,5.447435932600512842e-01,3.405968221078947700e-01,1.099934029050603917e-01,5.621751990462722391e-04,-1.576771236713606084e-02,-1.397940057052034224e-01,-1.654048641167879419e+00,3.762381747323888942e-02,6.537750271415883052e-01,-6.526427742595640458e-02,1.973792163855231374e-01,-2.737432530003111042e-01,5.171619509885714283e-01,-4.503079051429272894e-01,8.496640480415654784e-01,-4.086191460479268733e-01,3.705498185918741916e-01,-4.721178794882421315e-01,4.336834070513723854e-02
3.780724500777946084e-01,4.695717898189785133e-01,-7.440238002369634063e-02,4.869697101311391552e-01,-1.275513259946011446e-01,-3.790381401446061838e-01,1.884280602951909078e-01,4.588713867105312372e-01,2.185117539547927132e-02,-8.740170297853326886e-01,2.074617151768240117e-02,-4.399106614200826715e-01,-2.757085026668741889e-01,4.490384958657724357e-01,-9.775318784574656833e-03,-1.640494913715694059e-01,-1.768341892159703832e-01,4.717916679349201670e-01,-1.029441428098690492e-01,1.158317852389239289e-01,2.960696924100941763e-01,7.783842042300118114e-02,2.319815042554630169e-01,-3.917833987527674644e-01,-2.752757358823437195e-01,-1.117076887192031132e-02,3.837057142016510602e-01,1.293546268719827086e-01,1.806940517559255388e-01,-2.720595124829451317e-01,2.013093890537768216e-01,3.828853747360073667e-01,1.011881497907032301e-01,1.760245070841602588e-01,9.724177690394186779e-02,7.620042598276798029e-02,1.987934514669738584e-01,-5.583910934257358960e-01,-1.470865980986986621e+00,-1.403593523666725740e-01,1.665486908782302933e-01,4.568537982162708122e-01,-1.377821124716184509e-01,-4.850333277744360849e-01,-6.333612154125500826e-01,5.447797550268843603e-01,1.671463927841978780e-01,1.525895192509073850e-01,3.997612003040299650e-02,-7.234598505985638806e-01
-1.034112682854987142e+00,-4.667108888813329554e-02,-7.130442514343087179e-01,5.345831776657068435e-01,-7.884407517288579692e-01,5.935136366307475209e-01,-1.947181475086944349e-02,1.088453341040092892e-01,-1.297832447491715502e-01,-2.492456021014803624e-01,5.580336425874276030e-01,-3.527731896261514510e-01,-1.711072719538134224e-02,-3.560669675379842664e-02,-2.412085169670624973e-01,6.232356482258055025e-02,-2.696972751385942058e-01,-5.722821940063028689e-01,9.848271071067260518e-02,-8.665875327340146761e-01,1.233551195960034680e-01,4.619939959378114858e-01,-1.321264610907494363e-01,-4.977783429366107459e-02,-4.960490818134358215e-02,6.172234690907980881e-02,-9.216622606910672699e-01,2.149788353158011978e-01,2.921829788642677506e-01,-1.707175678061685631e-01,-3.737173279302508644e-01,1.436331055056677686e-01,3.780823824042618408e-01,-4.218817340437798769e-01,3.569400170443017273e-01,2.259329891569625826e-01,-5.743047473661262448e-01,-1.089825622583245474e-01,-4.087502243735302576e-01,-2.657080962048385064e+00,-1.227237494735758272e+00,2.732982088184270908e-01,2.197662958918671361e-01,-1.280014048397863369e-01,2.398049303657363018e-01,1.075956495559802883e+00,2.108026031967974445e-01,-3.634954343773069696e-01,-8.215174654261945264e-01,1.761542735244136515e-01
6.778614170159701358e-01,-1.643951207163340811e-01,6.696230998069255813e-01,6.719111442547780200e-02,5.066954970950148240e-01,-6.566069004744307103e-02,-3.170414857602625314e-01,2.516888656522960899e-01,-4.323916132788765410e-01,3.289727434057400091e-01,2.221463371796344732e-01,-7.042267460949326319e-01,-6.591370116014606539e-01,-3.317443073084350158e-01,-9.725010930093194728e-02,6.054675304235729305e-01,-3.576435027695001323e-01,-7.248927834571974316e-01,4.722304744049050929e-02,-1.681850851591255858e-01,-1.725291726215927302e-01,1.215795852343908717e-01,1.292922419205093376e-01,1.189195503922241409e-01,-1.059652856585559189e+00,-2.834992887426697472e-02,-4.876722085196994599e-02,-6.911831766752730699e-01,-3.135421208426164008e-01,-6.920022202256531640e-01,-1.920306429888581912e-01,-3.824634071590721773e-01,-1.884809362305545632e-01,-3.107810103711549643e-01,5.342417835597609299e-01,-1.381800779173384675e-01,-1.767739623341369193e-01,-9.229804343960149593e-01,-1.680009113497175355e-01,1.975913710434430703e-01,-1.728724477324590447e+00,9.630489432646356651e-02,2.315055185033638996e-01,-5.258505246246011344e-01,2.560570234017341962e-01,3.145560771374210085e-01,1.951162847991268212e-01,-1.780327783176702261e-01,6.733359650293521126e-01,1.821566657853265214e-01
4.594915156507871634e-01,4.208493120897191520e-01,-3.092661315780407816e-01,-1.207625941603142211e-01,3.739203886331024518e-01,1.113572973051657339e-01,-5.803909611513531353e-01,1.264987354824531895e-01,-6.989085332777447146e-01,5.275688458548373205e-01,6.685595191013833649e-02,7.116260144162980250e-01,-6.034029863448416714e-02,-1.574215815747735114e-01,1.274835010786773692e-01,1.190898075392394506e-01,2.161167254609031030e-01,-4.185804892657196685e-01,3.792954000489390798e-01,1.770082947447964572e-01,5.444658986392066080e-02,8.400142938390391389e-01,-5.117809108358343240e-01,4.033928334627422951e-01,-2.081532856978782209e-01,-3.997843374637713269e-03,-3.165850276798419238e-01,-2.297512332009642999e-01,2.912265007963432684e-01,-1.554803204773806159e-02,2.646333315454149626e-01,-4.816515790957073273e-01,1.872289364047871607e-01,-4.315632676931718814e-01,-5.804644534516910370e-02,1.290016714068327186e-01,-5.068695869319120861e-01,-6.782288121146796689e-01,6.067181521182715143e-01,-1.082952353587502276e-01,-3.227956620387573139e-01,-2.212732136440912711e+00,-7.897224894673315898e-01,-6.602054277709367147e-01,4.636396857110871017e-01,4.953213617716942796e-01,4.906446923196058907e-01,3.328065911196442239e-01,2.601714728400086885e-01,6.843918278413597678e-01
4.202728887134001695e-02,-1.265061184345395995e-01,-6.065358921614577570e-01,1.798536079512248476e-01,-4.895141839494941000e-03,1.162197796833687458e-01,-3.031362110804463814e-02,-3.855776526832728202e-01,-2.001367399219109444e-01,7.849766593317043795e-02,-6.137715498409632153e-02,-3.421081465577415770e-01,-9.397167446594228979e-02,-2.601959906738668948e-01,4.782941029061379967e-01,1.974350571905478524e-01,-3.087580746353792149e-02,3.418703664759460692e-02,3.118743156438529285e-01,1.928658844553302054e-01,-2.846259488330625254e-01,-2.269953685145089176e-02,-2.844105717789567334e-01,2.835531794290850893e-01,-1.344648749390330890e-02,2.145376827605937620e-01,2.979025675827423961e-02,2.040598487537568506e-01,-3.016489244095014732e-01,9.548358860666684989e-02,-9.054595319287588040e-02,-5.171189954455577414e-02,1.661159379287826046e-02,-1.880244363656151385e-01,-4.053306187516786396e-01,-1.124225701631745705e-01,1.655550366966783704e-01,-2.091531611993086848e-01,3.181992148299164769e-01,-3.715127978834683042e-01,-4.887373371747082418e-01,-2.566653564471852444e-01,-1.487623619817736609e+00,3.258720763984984115e-01,-3.864220910788615342e-03,-1.925880105750095439e-01,-1.646336061709358922e-01,4.222141643855176207e-01,1.320765567682061492e-01,3.012605108866564518e-01
-6.251799437289969896e-01,-7.749696866448858579e-01,5.365902796722138435e-01,-8.130829368092005183e-01,1.716084266805766589e-01,6.017841974114724879e-01,6.666206017614378920e-02,-3.224277279125888351e-01,-9.850042697049666077e-03,7.094399298473080817e-01,6.671345190116954038e-01,3.540113670597101747e-02,-1.261347390343451058e-01,-1.625872858266687662e-02,-1.915911663662467901e-01,5.668806993860215915e-01,-6.817623500260825420e-01,1.316849555749060319e-01,1.030421240027319107e-01,-1.376669718620736615e-01,-1.595759999182004563e-01,6.139630962660601599e-01,5.825458841583667224e-01,-6.456909928714703317e-02,-3.768496827841344432e-01,1.887907410421774124e-01,-4.037710799636387571e-01,-4.371706842760103018e-01,4.701679168948654786e-01,-7.720883194454256637e-01,-7.292940111056023245e-03,1.338682776504677430e-01,-3.420037744841589178e-02,1.309230868052980445e-01,-3.223083191850601437e-01,1.403985275609450356e-01,4.800218527385731182e-01,8.105252461969667532e-01,-2.276168149110870398e-01,-8.145888357236615029e-02,-9.180549560530443243e-02,1.324553037968690394e-01,-2.676805805610034672e-01,-1.730071263473367038e+00,4.772870615913967218e-01,-7.667985015433669282e-01,8.492748862453718406e-01,3.166714738129833839e-01,-3.482505081793030310e-02,-3.474309855372808686e-03
-7.028265535034870781e-02,7.002316979073222591e-02,4.074336708384782707e-02,3.233047544612724922e-01,-3.732136652666433463e-01,3.822821130956001179e-01,4.115052940075510923e-01,-3.465808961078620243e-03,3.122492237221047851e-01,7.470213405471774759e-02,-6.160294501653129640e-01,3.314163782507240641e-01,2.500965924667703510e-01,8.132493654921403303e-01,-1.902888054654355843e-01,9.645270037353867454e-02,9.614153109486649196e-02,-1.489840630161224366e-01,9.942233895864270588e-02,3.342942279335965328e-01,4.977383811048118889e-01,-6.903050161748032210e-01,-5.004150121222596115e-02,-9.803982573027029968e-02,-5.444751428400960158e-01,-1.657392522525755196e-01,5.634259136567710824e-01,-8.680543059171881570e-03,3.056273752236076668e-01,2.120357914553765988e-01,-1.479067167881858713e-01,5.523845590687187501e-01,-4.250429461187660851e-01,2.177756564917835980e-01,3.641379628806351576e-01,-3.691423861735398382e-01,-6.564247096972573026e-01,-4.625345114872169705e-01,1.846050048119054765e-01,9.381881682529751021e-02,-2.974449903657437611e-02,8.851636702889011943e-01,-2.010835768991588446e-01,2.049019929214482005e-01,-9.260049143790283210e-01,1.863831238584909844e-01,-2.318246293721052398e-01,-3.590564673074478352e-01,3.945458754909617755e-02,2.563264983733721802e-01
2.225508642208180732e-01,-2.551241891188602007e-01,4.693077433778549898e-03,-1.132017110378558122e-01,-1.043516041936951161e-01,2.503387005043655189e-01,2.165656768690999712e-01,-3.572402695114754168e-01,3.543191109337943123e-01,-2.144765602167165650e-02,7.123474860578750401e-02,2.467014927836947980e-01,-1.860738544463184374e-01,1.025870501366376308e-01,-1.322792994001432965e-01,-7.893461885541733225e-02,8.664031436810713804e-02,-2.017787250576765778e-01,2.141036011999165600e-01,-2.440031921301406281e-01,6.087424454889929226e-01,1.066365160656264632e-01,2.810562276365276557e-01,4.947377408587461806e-02,2.079298696208932151e-01,3.925036828209989559e-01,2.218412477121436133e-01,-1.745712962122753231e-01,-2.196371076858468219e-01,-1.523802832333051582e-01,-2.896466608398583498e-01,-1.510106892808293910e-01,2.544862156336364922e-01,1.517616807828232328e-01,1.958766497198314305e-01,1.433002905307123043e-01,7.176067294151632081e-02,2.301088085016814722e-01,-4.976857040980454949e-02,3.583398603543321848e-01,2.154525492766365957e-01,-4.914301330376801696e-02,-1.361829180534986083e-01,-6.910726251427465328e-02,-4.432093960154193657e-01,-1.532215182159978317e+00,2.495095739872259244e-02,3.498205146628921569e-01,9.311276882800238741e-02,-2.636452912888500033e-01
2.040544747281509280e-02,-2.826851837753542873e-01,-7.898759872189269338e-01,1.891283851988961040e-01,4.173924527308879862e-01,8.552055470101231627e-02,1.966348975504417784e-01,-3.962114064723378654e-02,2.382475298574601441e-01,-1.988939805772747538e-01,-2.164440002408510588e-01,2.049776927886606814e-01,1.464776743847704676e-01,-6.032230945562622182e-01,-1.486733337922404030e-01,9.767957279514214580e-03,3.448963635694121677e-01,-7.291977411570207956e-02,1.155277766388658062e-01,4.973461316274858657e-01,-4.465798042069409890e-01,1.655667740836984370e-01,9.966125040466523866e-02,3.620544314070745506e-01,-7.011593565070241459e-03,-1.789134336851244123e-01,8.458950438243686976e-02,6.442452862772930500e-01,-1.416208300326357280e-03,1.278230209722662214e-01,1.441168833127727256e-01,1.179719938084136249e-01,7.961903504300806012e-02,2.433870013025282719e-02,3.146676807028771505e-01,4.683679802052281849e-01,-2.899394624412951049e-03,-3.237208132455726139e-01,-3.188205590719364046e-01,2.270704093392701337e-02,-7.583913490588102269e-01,-5.647737000782424577e-01,-6.455763127249655731e-02,9.925444454611960232e-01,-6.039531895407583562e-02,-2.355110611576106960e-01,-1.478339244545581632e+00,-1.907627999385656248e-01,-3.847071792810035640e-01,-4.995242661987391308e-01
5.643529212921781779e-01,1.097934566843063342e+00,1.570616681920783964e-01,5.762111797085692766e-01,1.204968962853917303e+00,-8.985990468877692594e-01,1.722370158557745279e-01,-5.013411588272816966e-01,1.950299047459887192e-02,-5.335066049783875330e-01,9.512631035499973242e-01,-5.049339746311762300e-02,-1.742068765445702050e-01,-3.107620324124833466e-01,4.254453043613234953e-01,-7.287378633686418805e-01,1.138161139294948943e-01,-4.679645896694313301e-01,-7.797132349647034610e-01,3.764158855078825749e-01,8.656324286878780416e-01,-8.312475924951505668e-01,-8.120937856862371351e-01,-5.240034977162292273e-01,-4.454926738805083802e-02,-3.175103205402303730e-01,-5.247596307113231440e-01,2.477732207214586313e-01,-2.042094845666051484e-01,1.747144354074339767e-02,1.833096030034033486e-01,2.207087729133218046e-01,2.100775810853708070e-01,-1.012005090759491438e-01,-1.237719514173200253e+00,1.427670894857163919e+00,5.312039895202164737e-04,8.306419811549400345e-01,-7.864056325025343686e-01,-7.503186736288035563e-01,1.594692871542156554e-01,-1.391663319343169614e-01,2.510197879323171621e-01,-9.421345780211567433e-01,1.488820722887427596e-02,2.255428396027867322e-01,7.552712564310039012e-01,-2.267982589434602847e+00,-3.926592898669177822e-01,-6.596908410022892522e-01
-3.679945279745386322e-01,-1.480486421023433086e-01,-2.050213161468412149e-01,-3.490588587666149101e-01,-2.494160725758507446e-01,1.502549233640533277e-01,-1.864390733019969382e-01,-3.534761515047632474e-02,4.071047193981824908e-01,1.984093847229331242e-01,-5.839958246455213137e-02,-3.554072982104172218e-01,-4.398686566931291064e-02,9.993723715055548296e-02,-9.481078134877823915e-02,-8.108203109163397704e-02,3.607297166515198161e-01,9.761557292764815041e-02,-3.689077707795585526e-01,-3.523415784548374896e-01,-3.178229324189021238e-02,-5.550680699139929342e-01,1.646539456101809018e-01,1.601315275190618170e-01,4.222928406628722042e-01,-1.869729610643475481e-01,9.698742622657109680e-02,-2.293835364178911096e-01,6.063501638103285796e-01,5.653791526788352062e-01,1.230820800450910246e-01,5.018706821041165611e-01,1.223468922372043799e-01,-9.313400874068217261e-02,1.858733241991332441e-01,1.592650643647055830e-01,-3.574010963361424764e-01,5.761567036369956082e-03,5.572250495099335676e-01,3.500296911726933358e-01,5.665147040954071622e-01,1.787599865887663508e-01,2.848737340958506503e-01,5.199030888862435917e-01,1.305230523226731491e-02,-2.893419891853944992e-01,8.374147163783084158e-02,-1.236069050841315381e-01,-1.558237455336560773e+00,3.249184513675376085e-01
6.573821570420672611e-01,-5.236807590105754251e-01,1.155979738569688636e-01,2.489325373782569073e-01,9.159385696363228635e-02,-8.671479440440673647e-01,5.626367983159651781e-02,-3.519882492907524529e-01,-1.678387651289801885e-01,3.156861675658439448e-01,3.309990414760385358e-01,7.974301636420279005e-01,5.481181372498676596e-02,-1.712145920866604276e-01,-6.729139064383511393e-01,4.263934086484608144e-02,1.212217757354882852e-01,4.960800968421952839e-01,-5.583652952737492292e-01,-7.649269441092195754e-01,-7.141143093946240583e-01,4.654379159129203303e-01,-7.770448992038647695e-01,-3.648199584434936305e-01,-2.942773023447102787e-01,-2.352122673375011963e-01,-3.797587123743704773e-01,5.492840361330957911e-03,-7.608643481244827811e-01,-2.309161839367213920e-01,-3.302300750338623692e-01,3.179767124952351254e-02,8.789214044003940129e-01,-2.016869972717082460e-01,-5.385552929795196508e-01,-2.967192045165466530e-01,2.087665663751427092e-01,1.816761605596908802e-01,-3.510375591798544082e-01,-1.702580194125974111e-01,2.061956549406320227e-01,-5.725817304346444425e-01,-1.969999529618576828e-01,-2.173989038736239832e-01,-1.097034913771276210e-01,2.539037477512394447e-02,-2.478071381435462961e-01,1.089686684759587409e+00,1.611501173958110045e-01,-1.866414773941091454e+00
